our_stage1_rank,ticker,category,sector,fcf_yield_ttm,fcf_yield_q_ann,signal_70d_return,stage2_rank,net_debt_to_mcap,domestic_mcap_rank,global_marketcap_rank,marketcap_ffill,avg_10d_dollar_volume,combined_10d_dollar_volume,revenue_screen_ratio_max,revenue_quarterly,close_price,close_adj_price
1,T1,Domestic Common Stock,Communication Services,0.5324706506798553,0.4914389156302302,0.062534314263754,53.0,0.6964124898825129,150,175,16986851741.877977,127127327.0,127127327.0,351.2062928663612,8649000000,21.25,21.25
2,PFG,Domestic Common Stock Primary Class,Financial Services,0.40913921764230443,0.06675614784274865,0.1515798462852267,115.0,0.45286349734004466,221,254,11636381443.546392,43462272.0,43462272.0,46.27665200049701,2266100000,36.03,36.03
3,ETFC,Domestic Common Stock,Financial Services,0.36906113056423245,0.004351040217214231,0.41086550952832135,196.0,0.7029683822381789,426,470,5417555072.633197,115972379.0,115972379.0,8.503273174042777,397705000,14.8,148.0
4,UNM,Domestic Common Stock Primary Class,Financial Services,0.31452605870864925,0.34953080692632643,0.007324381311729855,30.0,0.5505166069310627,475,520,4645084117.985113,34996903.0,34996903.0,52.52120658716309,2663200000,15.69,15.69
5,PVN,Domestic Common Stock,Financial Services,0.3135400647135687,-0.10080731002675938,0.01193317422434359,33.0,0.2510509306734233,561,612,3691716403.316505,38605278.9,38605278.9,19.60724368155715,427611000,12.72,12.72
6,EG,Domestic Common Stock,Financial Services,0.29831846433102455,0.4039255014324606,0.10242188579436595,79.0,0.1306551796370066,464,509,4874978165.569606,30597707.0,30597707.0,18.439719946363855,1119941000,87.49,87.49
7,MET,Domestic Common Stock Primary Class,Financial Services,0.29052204541291665,0.2452780788739451,0.15231113826104736,118.0,0.13904353872733546,100,116,25815596848.5638,61974661.0,61974661.0,226.0820489437472,8816000000,33.96,33.96
8,XL1,Domestic Common Stock,Financial Services,0.2900337652744342,0.2737795172989425,0.018445669973084167,37.0,-0.015677497589503993,233,267,10977314992.9197,105011143.8,105011143.8,41.26482430926213,1969332000,79.45,79.45
9,CB,Domestic Common Stock,Financial Services,0.2841196450953492,0.347021192561092,0.2696675709228016,176.0,0.1991940321167799,208,237,12220971199.77304,48903009.0,48903009.0,43.993373982959504,2666682000,43.59,43.59
10,JHF,Domestic Common Stock,Financial Services,0.2784254528761572,0.13784554497697277,0.22527621398681386,161.0,0.12387691425411619,215,245,11885766785.380669,42118781.1,42118781.1,66.62983450934513,2430100000,40.7,40.7
11,AFCI,Domestic Common Stock,Technology,0.26648832092455393,-0.09409981655822708,-0.006647278770252951,23.0,-0.04559941045225328,868,928,2078346240.7600334,59095199.037,59095199.037,2.3023808439274367,85214000,23.91,23.91
12,PRU,Domestic Common Stock Primary Class,Financial Services,0.2325411429791728,0.27913146906590913,0.1830014462120364,138.0,0.7113757582424748,103,120,24361280448.79945,54796582.0,54796582.0,122.72982370530846,6704000000,44.47,44.47
13,CB1,Domestic Common Stock,Financial Services,0.23240277793501185,0.3594185501944112,0.06451361564533076,56.0,0.2304082106171049,188,216,13384951882.416239,84255038.2,84255038.2,48.52536216275996,2947200000,70.9,35.45
14,SAF2,Domestic Common Stock,Financial Services,0.22866222664848335,0.34721802586968653,0.21763602251407144,159.0,0.33222433906449617,410,452,5669060513.404206,37249030.75699999,37249030.75699999,37.56544627355513,1780000000,40.72,40.72
15,FITB,Domestic Common Stock Primary Class,Financial Services,0.20105696010966012,0.540875701016197,-0.030424093423478404,18.0,0.6233842495225316,78,92,32627917961.268383,129156768.0,129156768.0,21.673065664013844,1296088000,57.06,57.06
16,TAP.B,Domestic Common Stock Primary Class,Financial Services,0.1987309537584438,0.23150967602831665,0.1703646036071107,129.0,0.20471148495075767,135,159,18216085272.756294,27667532.0,77388810.8,71.71792528497957,3745500000,18.04,18.04
17,FNF1,Domestic Common Stock,Financial Services,0.18937780783798464,0.2299246918549841,0.40974903474903424,195.0,0.008677587996046681,413,456,5622084298.868134,34161423.989,34161423.989,36.72350079628244,2230411000,37.718,37.718
18,HIG,Domestic Common Stock Primary Class,Financial Services,0.1820783529576669,0.33987959218764485,0.17830219600131114,136.0,0.2982160405323686,137,161,18124065526.708977,135568176.0,135568176.0,93.76407645551419,4947000000,63.74,63.74
19,ALL,Domestic Common Stock Primary Class,Financial Services,0.1748160670451764,0.21093095092812192,0.18675352877307239,139.0,0.14362638780027212,79,93,31953584669.974594,206374100.0,206374100.0,156.44971183704854,8127000000,45.16,45.16
20,AFL,Domestic Common Stock Primary Class,Financial Services,0.1717711019386195,0.21839392206592945,0.09707776126795364,72.0,0.010878461087814175,127,151,18681838585.08808,55319418.0,55319418.0,50.09386582113506,2931000000,36.43,18.215
21,CI,Domestic Common Stock,Healthcare,0.16432069998911802,0.08712143151116714,0.2571760773199627,171.0,-0.05215244829785815,295,332,8264327014.733581,58484367.8,58484367.8,132.46277698770544,4773000000,58.48,19.493
22,PNC,Domestic Common Stock Primary Class,Financial Services,0.16238113674545457,-0.13764414630162483,0.12546314544737935,93.0,0.6902596405829136,164,191,15402035298.721413,58164175.0,58164175.0,30.23742710582979,1368000000,55.03,55.03
23,LPX,Domestic Common Stock,Basic Materials,0.15191937966412078,0.3050942913915814,0.360518229382941,190.0,0.27302822471194615,829,889,2230130222.681625,36051478.0,36051478.0,17.212777992110414,674800000,21.06,21.06
24,SUN1,Domestic Common Stock,Energy,0.1515769708100243,0.12966222804230995,0.36734274359325814,193.0,0.3218972809480263,502,549,4380612677.846755,119724062.99920002,119724062.99920002,77.88230190180032,4594000000,56.71,28.355
25,EQR,Domestic Common Stock,Real Estate,0.1497252941557118,0.19343278934795444,-0.0332642291745201,17.0,0.653585760953593,303,340,7951702527.7093525,32851903.0,32851903.0,10.841045731142778,472976000,28.45,28.45
26,EKDKQ,Domestic Common Stock,Technology,0.14842482236527826,0.24804555059688874,0.2819825501944704,180.0,0.28707848793632984,304,341,7950152684.67684,93060818.9,93060818.9,87.00488159805909,3447000000,27.46,27.46
27,ABKFQ,Domestic Common Stock,Financial Services,0.1401699678700283,0.1437169638795634,0.07371748814484902,62.0,0.12146925137745028,301,338,7984220992.600375,48134790.7,48134790.7,6.058167849276503,324434000,74.72,74.72
28,FHN,Domestic Common Stock Primary Class,Financial Services,0.13630786254985813,1.6989896918408414,0.03038911845730019,40.0,0.5364962834362709,412,454,5663165613.191573,49785938.0,49785938.0,12.082009566946217,722126000,44.7,44.7
29,AON,Domestic Common Stock,Financial Services,0.13585432311708173,0.1626095722204458,0.1465212812093435,112.0,0.14323865419409826,315,353,7699423735.66234,33604266.0,33604266.0,40.85408386039624,2391000000,24.55,24.55
30,DPHIQ,Domestic Common Stock,Consumer Cyclical,0.13468086355336623,-0.049362669447161375,0.29439685112294534,182.0,0.3877328094131203,367,409,6563664478.210908,33862409.8,33862409.8,169.54263502010568,6563000000,11.63,11.63
31,LUMN,Domestic Common Stock,Communication Services,0.13424525122769795,0.1283795395673545,-0.10941524372794031,8.0,0.6393397707950293,484,529,4584780425.164201,31053912.1,31053912.1,10.386580732277364,603752000,31.74,31.74
32,PGR,Domestic Common Stock,Financial Services,0.1269349525215728,0.16288127812106382,0.15374163879598712,119.0,0.08953718033341106,133,157,18391309514.243114,51743239.3,51743239.3,50.75937681683868,3080600000,85.12,21.28
33,BNY,Domestic Common Stock Primary Class,Financial Services,0.1267475462797165,-0.0021502158714523244,0.08471841213490405,69.0,-0.02389556135770235,97,113,26043896681.95306,95950214.0,95950214.0,40.10702471700671,1430000000,33.81,33.81
34,AIG,Domestic Common Stock Primary Class,Financial Services,0.12653749842215625,0.1625254280391077,0.15196289191692025,116.0,0.5721535693943016,9,9,182839081604.20035,403062880.0,403062880.0,334.3363206015892,20306000000,70.03,1400.6
35,MON2,Domestic Common Stock,Basic Materials,0.12389160020934532,0.31983731100069485,0.16613735609368807,127.0,0.06140652086087215,314,352,7716423053.577506,37084473.2,37084473.2,38.57098485682512,1028000000,29.06,14.53
36,NVR,Domestic Common Stock,Consumer Cyclical,0.1238413334087967,0.1092135926754011,-0.12815533980582483,6.0,0.022891083005295243,648,699,3182241253.0,34798422.5,34798422.5,15.80995558548581,956848000,449.0,449.0
37,EPC,Domestic Common Stock,Consumer Defensive,0.1192913841834312,0.11269738807278928,0.037313432835822,44.0,0.2998273919228799,652,703,3169549943.5114746,24718191.0,24718191.0,11.521002611299545,703500000,38.37,38.37
38,TOY,Domestic Common Stock,Consumer Cyclical,0.11832231539521197,-0.4356854572360682,0.048621190130623715,48.0,0.9658106882991591,662,714,3084794265.3999996,63649457.6,63649457.6,110.59105858910735,2321000000,14.45,14.45
39,CMA,Domestic Common Stock Primary Class,Financial Services,0.11776796163517378,0.11060970917941383,0.2057996104739228,151.0,0.340657906693039,247,282,10198019761.27009,75258953.0,75258953.0,13.299901570476242,603000000,57.62,57.62
40,PHS,Domestic Common Stock Primary Class,Healthcare,0.11472364687037435,0.12491262600392836,0.27320457528595576,177.0,0.039075955810355945,750,809,2578570400.0000005,50314324.9,50314324.9,59.116983748635406,2742167000,33.95,33.95
41,VLO,Domestic Common Stock,Energy,0.11207610782237931,0.21905929396012908,0.32730229721488113,187.0,0.7546971835769432,378,420,6283230330.553874,95080635.8,95080635.8,165.15998085362662,9922300000,52.25,13.062
42,BAC,Domestic Common Stock Primary Class,Financial Services,0.11205971139746661,1.1765456018899276,0.025363842853537877,38.0,0.8120227446962645,14,15,122898763777.39226,572924730.5,572924730.5,170.21990527818983,9976000000,81.85,40.925
43,M,Domestic Common Stock,Consumer Cyclical,0.11177111572089976,-0.11838545456496505,0.08487052914176907,70.0,0.4702889870337719,279,316,8920014742.35596,90265136.0,90265136.0,121.56473412691389,3486000000,49.34,24.67
44,FBF,Domestic Common Stock,Financial Services,0.11159966080406057,0.08833746237788435,0.41109661820379806,197.0,0.3910287082046074,55,64,47544947375.02769,218550511.3,218550511.3,151.86958807448727,2657000000,44.7,44.7
45,RDN,Domestic Common Stock,Financial Services,0.10917461575481738,0.0971846995089719,0.015238194299979746,35.0,0.1431069231729085,478,523,4631058204.367351,92243442.0,92243442.0,6.180231472023985,347184000,49.3,49.3
46,GR,Domestic Common Stock,Industrials,0.10890441689099094,0.10864549055506371,0.29342506233262555,181.0,0.5686876977664125,548,598,3862102309.5969024,24898286.0,24898286.0,28.769069896210702,1063900000,32.6,32.6
47,MI2,Domestic Common Stock,Financial Services,0.10739994998823148,0.1392846155964752,0.1432326873967249,108.0,0.730869925351614,283,320,8747182844.153479,25540352.1983,25540352.1983,9.486650696778101,575854000,38.63,38.63
48,T,Domestic Common Stock Primary Class,Communication Services,0.107148281739671,0.09062404641141962,0.21592304543593865,157.0,0.17080463825356215,21,25,88718174903.5968,302705008.0,302705008.0,570.4775600832256,10239000000,26.49,26.49
49,UPBD,Domestic Common Stock,Technology,0.10630590402518367,0.15203414796950232,-0.01215458134219849,21.0,0.2101678530464182,734,790,2633908272.2411027,25974345.0,25974345.0,9.65452413763292,549825000,32.56,32.56
50,KG1,Domestic Common Stock,Healthcare,0.10308322245937235,0.1451348972793104,0.1336346029696578,103.0,0.03297313018864663,510,557,4234433010.3963823,30319762.0,30319762.0,6.9844777181363416,424204000,17.56,17.56
51,TXT,Domestic Common Stock,Industrials,0.10194411913487399,0.08539556943640002,0.36327421555252415,191.0,0.980609495316114,307,344,7916101554.934462,43867089.5,43867089.5,69.43930144839688,2243000000,57.84,28.92
52,BLS,Domestic Common Stock,Communication Services,0.1015041626440563,0.12446213398641928,0.2181382709225732,160.0,0.2118459563045144,50,58,54795782311.945305,165802969.9,165802969.9,141.36040497095712,5728000000,29.4,29.4
53,MAY1,Domestic Common Stock,Consumer Cyclical,0.1008064061205596,0.0008625147047748416,0.20752547480274375,153.0,0.5170402092991541,269,305,9275204185.751698,53376527.3,53376527.3,103.60051911279548,2976000000,32.14,32.14
54,VZ,Domestic Common Stock Primary Class,Communication Services,0.09954764910489589,0.09539539422244568,0.15614904156795184,122.0,0.49912544137971065,18,21,103317356989.13828,315545684.0,315545684.0,467.9347136500634,17155000000,37.02,37.02
55,LNC,Domestic Common Stock Primary Class,Financial Services,0.09917442671933854,0.09058514307940381,0.18276322954309165,137.0,-0.06152566315670419,305,342,7932559088.305735,37966903.0,37966903.0,38.744210550969676,1268849000,44.2,44.2
56,STK1,Domestic Common Stock,Technology,0.09847594860101093,0.13067504816981343,0.17559999999999953,133.0,-0.349699016991772,635,686,3251271041.7974405,36699893.4,36699893.4,14.929631385522374,520260000,29.39,29.39
57,MTG,Domestic Common Stock,Financial Services,0.09807879079077071,0.1187242831019345,0.25449241800084677,169.0,0.11662241602620652,347,388,6849146432.005284,145924657.0,145924657.0,7.70077470885641,445591000,69.57,69.57
58,THC,Domestic Common Stock,Healthcare,0.09619377414155794,-0.0038143751828127064,0.17666232073011767,135.0,0.6228928650540454,290,327,8389316327.400001,59164092.0,59164092.0,67.00763484136243,3297000000,18.05,72.2
59,RSHCQ,Domestic Common Stock,Consumer Cyclical,0.09418949531222956,0.07310881584343137,0.1311808347494514,99.0,0.005268935824525411,424,467,5493181572.794995,52263323.2,52263323.2,31.161865825570064,1063600000,33.2,33.2
60,SPGI,Domestic Common Stock,Financial Services,0.09369856597626487,0.15261246550612953,0.11752147120190193,88.0,0.0012325747098838288,185,213,13701554411.464613,43196482.0,43196482.0,29.01548977136923,1622606000,71.22,35.61
61,X,Domestic Common Stock,Basic Materials,0.09313333103057196,0.10131217879812927,0.8667802177748043,200.0,0.6829452003112519,553,603,3790264946.972896,102118549.7,102118549.7,41.34755635599337,2508000000,36.62,36.62
62,TTWO,Domestic Common Stock,Communication Services,0.09304055215004783,0.04313553380635695,-0.1315649058617273,5.0,-0.1459224800170157,1109,1171,1480171783.352096,51542010.779999994,51542010.779999994,7.043257193099246,155587000,34.181,22.787
63,EOG,Domestic Common Stock,Energy,0.09274323938948328,0.0930910026214376,0.10159977547010945,78.0,0.1723919702150049,432,476,5331213393.610088,47263030.2,47263030.2,11.663005813365103,458724000,46.27,11.568
64,AZO,Domestic Common Stock,Consumer Cyclical,0.09239953514992694,0.05361596229615816,-0.07233721431651574,10.0,0.19947206096429385,323,361,7509107041.222476,81206805.3,81206805.3,32.569774919189335,1282040000,86.05,86.05
65,ELV,Domestic Common Stock Primary Class,Healthcare,0.09076581030826891,0.11222963564963337,0.06611769570011017,57.0,0.14549558113593142,238,272,10813543080.445389,138684080.5,138684080.5,70.17012366491937,4261800000,78.2,39.1
66,MTB,Domestic Common Stock Primary Class,Financial Services,0.09040262836434848,0.16814394128415386,-0.0026932957653109657,25.0,0.771627053611313,232,266,11003596001.554916,42472438.0,42472438.0,10.521908998854808,628192000,91.38,91.38
67,SWY,Domestic Common Stock,Consumer Defensive,0.0890170309395816,0.1050173097339527,-0.0542872911544835,13.0,0.7436811442425459,252,288,10093574123.021893,79550012.7,79550012.7,209.00042330649566,7778300000,22.82,22.82
68,KMG1,Domestic Common Stock,Energy,0.08892634125656604,0.07571409607966054,0.13884105076770048,104.0,0.4301112176855663,244,279,10338893819.407131,102386509.06909999,102386509.06909999,22.856662030771755,1006100000,101.44,50.72
69,CAG,Domestic Common Stock,Consumer Defensive,0.08879038898606145,0.0017594899295679776,0.18849545873371043,140.0,0.37811029109615346,178,205,14094993999.817522,37641132.0,37641132.0,157.43176258715815,3872800000,26.25,26.25
70,AT1,Domestic Common Stock,Communication Services,0.08819842101188502,0.08829323763305454,0.029950965233909166,39.0,0.3749165872879971,161,188,15820011106.683859,73539802.99649999,73539802.99649999,36.914050101846186,2050200000,50.28,50.28
71,SPXC,Domestic Common Stock,Industrials,0.08556644978958643,0.08800871339214343,0.2596522251694673,173.0,0.46867409779431163,483,528,4585909558.769093,43957184.6,43957184.6,25.482250224968386,1241900000,61.66,61.66
72,PPMIQ,Domestic Common Stock,Financial Services,0.08455596091926641,0.1022602463759076,0.17583829886669022,134.0,0.03289558337906467,560,611,3705995373.8707824,43629349.6,43629349.6,5.127137981140739,288947000,41.5,41.5
73,CYN1,Domestic Common Stock Primary Class,Financial Services,0.08382466342414244,0.0681045086281303,0.08443185277107834,68.0,-0.16861374454788605,700,753,2846155179.804598,34746004.1,34746004.1,2.863724116316055,173929000,58.14,58.14
74,ANF,Domestic Common Stock,Consumer Cyclical,0.08175309239343485,0.050196549660799186,-0.15533648919037613,4.0,-0.18195030389300526,763,822,2517702926.8745937,56383814.0,56383814.0,9.14928670546684,444979000,26.1,26.1
75,CVH,Domestic Common Stock,Healthcare,0.08153379399247977,0.0948563564859408,0.2001698153258331,148.0,-0.03400186444744444,546,595,3882586403.733376,37513894.2975,37513894.2975,18.94498249232818,1149989000,64.63,28.724
76,FCX,Domestic Common Stock Primary Class,Basic Materials,0.08112721560576101,0.09119644894410682,0.08422853883448989,67.0,0.27012078336431844,356,397,6652144979.590263,186908832.5,186908832.5,11.996487443279397,631990000,38.73,19.365
77,LNCR,Domestic Common Stock,Healthcare,0.08102306873376795,0.0867939577014459,-0.16695682451253435,3.0,0.10265998574554751,675,727,3013573835.4012475,41576856.413550004,41576856.413550004,4.880735444458238,296268000,30.64,20.427
78,MRO,Domestic Common Stock,Energy,0.07999096048420376,0.0926894095993091,0.1755841517101253,132.0,0.43546748576249955,239,273,10788719059.954546,80776225.15,80776225.15,216.21012010012427,10328000000,34.48,17.24
79,OXY,Domestic Common Stock Primary Class,Energy,0.07915449364587764,0.10936044451581067,0.2547960308710042,170.0,0.292945161186089,144,169,17446893238.662292,68419384.5,68419384.5,100.72541421403962,2349000000,45.0,22.5
80,LH,Domestic Common Stock,Healthcare,0.07877726383063505,0.09539809891957463,0.42310661291705953,198.0,0.17215459551853482,398,440,5824015428.948942,33085889.0,33085889.0,12.460030569857631,752000000,40.7,40.7
81,DE,Domestic Common Stock,Industrials,0.0784574153670683,0.2953501502633374,0.14213682925534754,106.0,0.6333260428781368,158,184,16147613250.738928,115143835.5,115143835.5,96.8013516862526,3939400000,65.87,32.935
82,GAP,Domestic Common Stock,Consumer Cyclical,0.07758717797716509,0.060639132471523007,0.031893194882254505,41.0,-0.026746715016496263,142,167,17702100215.6339,172893371.0,172893371.0,89.98422644393327,3929456000,19.74,19.74
83,PPG,Domestic Common Stock,Basic Materials,0.07751167767997286,0.12254963503516905,0.11152141802067961,86.0,0.14735014055653606,243,278,10346828039.39899,38616614.0,38616614.0,47.176129167172974,2206000000,60.43,30.215
84,GE,Domestic Common Stock Primary Class,Industrials,0.07529402644924377,0.10107412581081075,0.13075741462838297,96.0,0.9684970471597554,1,1,342085570591.22046,811077496.0,811077496.0,692.9791335410316,33394000000,33.85,270.8
85,CVX,Domestic Common Stock,Energy,0.07467017019965774,0.05845516111698725,0.19179315667609997,143.0,0.11120443134776735,20,23,93678640095.45357,264301694.5,264301694.5,1269.9839247366738,30970000000,86.78,43.39
86,HSH,Domestic Common Stock,Consumer Defensive,0.07367381523317418,0.0529658149103105,0.14231697872534266,107.0,0.3602210350387136,149,174,17143132821.37845,39853298.049,39853298.049,128.3673921768302,4666000000,21.5,107.5
87,MAT,Domestic Common Stock,Consumer Cyclical,0.0734889353222933,-0.006795640825761636,-0.041644976574700454,15.0,0.03183731759468962,292,329,8334166188.609946,60262381.8,60262381.8,39.407313392591824,1704674000,19.0,19.0
88,AXP,Domestic Common Stock,Financial Services,0.07331859194285013,0.08164640177721542,0.07205123047005957,61.0,0.4829586776626379,38,43,64963058806.59343,276858495.0,276858495.0,122.53696023917422,6419000000,50.4,50.4
89,WLP1,Domestic Common Stock,Healthcare,0.07309170268105271,0.08527622923004631,0.26196157227175765,174.0,0.01487705144175304,166,193,15268545663.382084,123687936.99769998,123687936.99769998,83.13144350164038,5049009000,100.49,100.49
90,CA1,Domestic Common Stock,Technology,0.07299108752921118,0.03273686649981233,0.09767679346438563,74.0,0.1579247335863954,155,181,16495164557.154415,114957116.1,114957116.1,13.778926649715546,833000000,28.44,28.44
91,KRB,Domestic Common Stock,Financial Services,0.07281123783177106,-0.10548001594105573,0.1307952103162422,98.0,0.16419041029951784,73,87,34457180988.966225,141837338.4,141837338.4,37.8415665003488,2298317000,26.86,26.86
92,UNH,Domestic Common Stock,Healthcare,0.07257017866963615,0.06335306594471452,0.13299969669396416,102.0,-0.010876864097062846,74,88,34284055043.135727,145335048.5,145335048.5,119.17296801508435,7238000000,58.44,29.22
93,COST,Domestic Common Stock,Consumer Defensive,0.07218153041223078,0.11507015603990535,0.10790646892912314,83.0,-0.02892572738017396,153,179,16742620904.519152,139616613.0,139616613.0,225.10797906018266,10521478000,36.55,36.55
94,MEL,Domestic Common Stock,Financial Services,0.0720398683354806,0.16841566148294695,0.05462113199822638,50.0,0.22349294070370046,174,201,14464212998.662592,55533248.8,55533248.8,27.39738147365263,1058000000,33.62,33.62
95,TYC,Domestic Common Stock,Industrials,0.07202254244864109,0.10698093503439367,0.3053258096931286,184.0,0.33203359745417066,45,52,56701691736.47455,612363618.0,612363618.0,191.5452815834995,9472800000,28.35,113.4
96,WHR,Domestic Common Stock Primary Class,Consumer Cyclical,0.07179144126828531,0.15113987635428486,0.13077055581074815,97.0,0.29481326278518893,419,462,5557765563.013746,41897249.0,41897249.0,61.69909382515934,3113000000,79.38,79.38
97,MAS,Domestic Common Stock,Basic Materials,0.07149330371304077,0.0763368009295347,0.06814420378498931,60.0,0.2730643636648196,198,226,12664402859.80023,66438146.0,66438146.0,48.13201738065692,2917900000,27.18,27.18
98,NFB,Domestic Common Stock,Financial Services,0.07148457430074366,0.0426596880004489,0.15443607034245677,120.0,0.5369194614218011,365,407,6575012925.482448,31801353.585,31801353.585,4.282927953576774,227030000,43.35,28.9
99,PPL,Domestic Common Stock Primary Class,Utilities,0.07130448650007432,0.1760483183932869,0.13266741699493467,101.0,0.9720305209779391,296,333,8134130522.059023,38748062.0,38748062.0,30.55214228545663,1456000000,45.44,22.72
100,RIG,Domestic Common Stock,Energy,0.07102992966966251,0.06429331404375442,0.30617631532641254,185.0,0.4765813659424148,286,323,8461221949.607142,83886335.341116,83886335.341116,14.525509258229508,622900000,26.45,37.807
101,UCL1,Domestic Common Stock,Energy,0.07055204430739033,0.1338428211895416,0.24071482048110404,166.0,0.3200277101196905,248,283,10191058346.479193,55160275.8,55160275.8,52.88034044272423,1541000000,39.14,39.14
102,SANM,Domestic Common Stock,Technology,0.06951889620909099,0.04157761384198478,0.3358561967833502,189.0,0.1555681179144902,330,368,7304603894.64,102380305.2,102380305.2,46.94112399206194,2732013000,14.12,84.72
103,DVN,Domestic Common Stock,Energy,0.06930774110450318,0.09079242706995679,0.2477966796474682,167.0,0.693028924361873,179,206,14009979037.347542,94003854.0,94003854.0,32.091459914012475,1948000000,60.19,30.095
104,CSC,Domestic Common Stock,Technology,0.0691160146572567,0.10905420375646972,0.11829570664230604,90.0,0.28385345521491206,288,325,8410496509.132381,43143523.7,43143523.7,59.56853868209046,3591200000,44.9,44.9
105,CBE,Domestic Common Stock,Technology,0.06911424308622652,0.09014901272116503,0.14198141190429125,105.0,0.2047940699055585,427,471,5391074015.455055,29165976.9,29165976.9,33.65959430502566,1048700000,57.75,28.875
106,JNY,Domestic Common Stock,Consumer Cyclical,0.069080778122412,-0.053286962050687586,0.06745056523876136,59.0,0.18596623143695615,503,550,4368798502.315747,29194249.0,29194249.0,24.756728618411575,1180500000,34.58,34.58
107,FISV,Domestic Common Stock,Technology,0.06903070398547848,0.10117439096675188,0.002132196162046629,28.0,0.08815969306043234,332,370,7287496301.730104,67500103.3,67500103.3,13.167757643888786,796052000,37.6,9.4
108,BDK,Domestic Common Stock,Industrials,0.06855715982655972,0.1325470815073387,0.2400563649898979,165.0,0.19610933049353574,523,570,4116273204.9275026,37505512.8,37505512.8,28.77675014691979,1143800000,52.72,52.72
109,SIAL,Domestic Common Stock,Basic Materials,0.06816399383950185,0.07711315755968369,0.0451211932877571,47.0,0.02732701224717341,531,580,3982718510.2917967,32847852.7,32847852.7,7.435157286357136,314185000,57.27,28.635
110,MO,Domestic Common Stock,Consumer Defensive,0.06813667611793915,0.15466043993679435,0.20894970414201253,154.0,0.2029374449203006,16,19,111056195152.55084,349117579.0,349117579.0,445.7687793336847,20939000000,54.0,54.0
111,RYL,Domestic Common Stock,Consumer Cyclical,0.06785666673756083,0.02365997954141297,-0.02857294881345085,19.0,0.17351615686699629,901,962,1966527482.3488436,127394870.5,127394870.5,16.012921990682504,872184000,79.43,39.715
112,CMX,Domestic Common Stock,Consumer Defensive,0.0678062320000116,0.0866660416150506,0.150541880566891,114.0,0.00412504110231877,342,382,7018204462.385089,141297802.6,141297802.6,41.63912220931671,2256781000,26.37,26.37
113,COP,Domestic Common Stock,Energy,0.06756394342481566,0.0500117445991518,0.19605365474339065,146.0,0.4701758703037223,57,67,45749253867.03675,204862000.0,204862000.0,461.5338645330144,26493000000,67.2,33.6
114,CDNS,Domestic Common Stock,Technology,0.06723930675471534,0.052160458008339905,0.4291129643669451,199.0,0.006087543069789363,459,504,4958468730.444178,40452904.1,40452904.1,7.7743365476720205,268476000,18.85,18.85
115,TT2,Domestic Common Stock,Basic Materials,0.06705985936496504,0.09814401514530188,0.21454507729017624,156.0,0.23351340046665905,316,354,7666285090.191942,246534726.38519996,246534726.38519996,42.5326739502951,2234400000,105.3,35.1
116,HUM,Domestic Common Stock,Healthcare,0.06691760645928219,,0.22665550038882576,162.0,0.07124217956924236,552,602,3792111126.305847,37120498.0,37120498.0,57.83254795467179,3111765000,23.54,23.54
117,GD,Domestic Common Stock,Industrials,0.06685717581153625,0.06991600084866537,0.16010733452593895,124.0,0.23257795069234416,134,158,18307683283.696198,108523164.5,108523164.5,76.60176837267274,4427000000,92.27,46.135
118,ESRX,Domestic Common Stock,Healthcare,0.06681512334577788,0.11175378911156182,0.1449004143831032,111.0,0.038110899026330906,428,472,5381401425.231686,54496795.039999984,54496795.039999984,61.00721336940404,3248602000,68.52,8.565
119,HES,Domestic Common Stock Primary Class,Energy,0.06680801381065181,-0.15506986867599182,0.11424531110449476,87.0,0.9292884325797474,433,477,5313733783.586889,58321088.1,58321088.1,82.52167674684874,3296000000,58.77,19.59
120,BMC,Domestic Common Stock,Technology,0.06671866276608243,0.005977318683144293,0.40186915887850505,194.0,-0.10593561746771303,472,517,4751294268.462952,39784246.0,39784246.0,12.382915343950902,333800000,21.0,21.0
121,HET,Domestic Common Stock,Consumer Cyclical,0.06664725615772973,0.08536953041142643,0.24882096745097093,168.0,0.6395415711144052,399,441,5821514978.527759,28892641.7,28892641.7,19.988364397611967,1139280000,52.38,52.38
122,LXK,Domestic Common Stock,Technology,0.06648360318062899,0.02401988243945305,0.19530712119238602,145.0,-0.04479207007003264,253,289,10025028249.284103,75300571.2,75300571.2,21.595647689891642,1157100000,78.03,78.03
123,EXC,Domestic Common Stock Primary Class,Utilities,0.06583513360253594,0.14177075072944162,0.042073477604428255,46.0,0.6774880281665668,112,130,21979145796.770466,59465347.0,59465347.0,80.79755727281669,4441000000,66.68,33.34
124,CTXS,Domestic Common Stock,Technology,0.06520150025747534,0.07550728271395057,-0.06696670643097269,11.0,0.019644568919617293,564,615,3681234312.894227,101653846.2,101653846.2,2.9076141403520372,144341000,22.43,22.43
125,RRD,Domestic Common Stock,Industrials,0.06474163623606087,0.08009070637043632,0.2318038969201759,164.0,0.28526250919723994,567,618,3659700523.108312,35384115.273,35384115.273,38.1652259210081,1193774000,32.21,96.63
126,USB,Domestic Common Stock Primary Class,Financial Services,0.06463959242145015,0.07209779770182226,0.126536453948477,95.0,0.7130720318335151,49,57,55147315545.52751,209045856.0,209045856.0,52.62968136223447,2889600000,27.95,27.95
127,WDC,Domestic Common Stock,Technology,0.06450329537225763,-0.06592263225672969,-0.24481468888133284,2.0,-0.08728781435458842,819,879,2299665453.4304333,61456855.0,61456855.0,26.716140923421708,714200000,11.17,11.17
128,ENDPQ,Domestic Common Stock,Healthcare,0.0641635914386717,0.03660876632361665,-0.004444444444444029,24.0,-0.0843638880347481,686,739,2951642758.043231,25862282.7,25862282.7,2.594584903127497,149355000,22.4,22.4
129,KBH,Domestic Common Stock,Consumer Cyclical,0.06409764032433986,-0.048320498476090226,0.06445098864114462,55.0,0.5074290336488876,625,676,3289949504.114945,91080543.5,91080543.5,29.517006761901918,1466443000,70.9,35.45
130,AGE1,Domestic Common Stock,Financial Services,0.06398589863956783,-0.10762403752178529,-0.0016174793837666623,26.0,0.023080550933422615,647,698,3188655693.487937,41951032.6,41951032.6,17.006643964466218,622499000,39.81,39.81
131,ADM,Domestic Common Stock,Consumer Defensive,0.06385465443585364,0.03061415071684094,0.16777578704888518,128.0,0.461464775326096,249,285,10149816105.434784,49077068.0,49077068.0,135.29083088961502,7967902000,15.63,15.63
132,KMI1,Domestic Common Stock,Utilities,0.06378673675849307,0.04568513096574192,0.11966447667451696,91.0,0.5298496938685158,320,358,7566400548.555073,29759771.2,29759771.2,31.534142885005718,246983000,61.4,61.4
133,FDC1,Domestic Common Stock,Technology,0.06372612130920938,0.06256567433690835,-0.008410468448996955,22.0,0.09623506316402188,91,106,28437318367.564137,325268102.98800004,325268102.98800004,35.453491310298915,2139600000,39.0,39.0
134,DD,Domestic Common Stock Primary Class,Basic Materials,0.06356810557628852,0.09717882806490083,0.21687545169838573,158.0,0.3035085991611703,66,78,38321104237.98205,130561371.5,130561371.5,144.23194347707698,7977000000,41.3,371.701
135,FICO,Domestic Common Stock,Technology,0.06233026180170997,0.06908654275547585,-0.12340629654876423,7.0,0.13136593385909517,768,828,2507000540.0765557,49113649.39035,49113649.39035,2.7400406251991116,160965000,53.68,35.787
136,MME,Domestic Common Stock,Healthcare,0.06227788880332382,0.08519837336372243,0.26272325715383094,175.0,-0.0033569968897929907,657,708,3140247746.9589877,28184837.6,28184837.6,11.320251254976123,670021000,65.75,65.75
137,LLL1,Domestic Common Stock,Industrials,0.06171419273437821,0.08283654893739328,0.16160191346478125,125.0,0.3629480075871315,455,500,4980410281.357896,54606035.2,54606035.2,22.515266594634504,1264611000,51.46,51.46
138,MVL,Domestic Common Stock,Technology,0.06169529892911191,0.08280453665503615,0.2033871561563132,149.0,0.062456508387718185,775,835,2469961287.8947363,31159142.879999995,31159142.879999995,1.957824689298582,84536000,34.32,22.88
139,ODP,Domestic Common Stock,Consumer Cyclical,0.06148647197655136,0.20818930988574882,0.10151177780382037,77.0,0.006074067833514347,452,497,5029057450.522199,27790101.6,27790101.6,64.00275746180851,3235580000,16.06,160.6
140,FTI1,Domestic Common Stock,Energy,0.061393058878854864,0.05095375332050708,0.12587412587412494,94.0,0.15993071428603514,1044,1105,1609302448.9129815,27683104.4624,27683104.4624,10.218330838451216,560100000,24.3,6.075
141,PNW,Domestic Common Stock,Utilities,0.06136776267517379,0.16170891330955137,0.11799634591961006,89.0,0.9138954485341304,579,630,3592553979.3092294,25737803.0,25737803.0,32.42822264490707,946570000,39.36,39.36
142,RTN,Domestic Common Stock,Industrials,0.061244369087296704,0.1407950744995934,0.17272981279687039,131.0,0.6236526926498762,187,215,13437970090.39165,51499483.6,51499483.6,122.58473856525238,4378000000,32.07,32.07
143,NWL,Domestic Common Stock,Consumer Defensive,0.061153946012519986,0.13272604333982674,0.061622241329893246,52.0,0.4041570808589567,357,398,6642253304.747319,35949756.0,35949756.0,39.085302482898456,1944700000,23.98,23.98
144,MRK,Domestic Common Stock,Healthcare,0.06083790259283299,0.06453506333736014,-0.047899281269596417,14.0,0.07235211120654259,17,20,103782341778.88652,386763138.0,386763138.0,239.49431526723808,5762000000,46.25,46.25
145,OMC,Domestic Common Stock,Communication Services,0.060811562319273565,0.051908566499572865,0.1438955573621543,109.0,0.1316021735877701,156,182,16389202348.845453,80119616.0,80119616.0,36.432023221917675,2028603000,86.06,43.03
146,PH,Domestic Common Stock,Industrials,0.06059867081658399,0.0638858547489062,0.2101726593093629,155.0,0.17207915607623683,344,384,6973750320.021003,52531662.9,52531662.9,30.123545758310154,1586918000,58.6,39.067
147,RESP1,Domestic Common Stock,Healthcare,0.06041300269443706,0.026036988454547733,0.033443240697126786,42.0,-0.046767574722464074,1079,1141,1543165872.2797525,34933332.566,34933332.566,2.947552687902652,164058064,43.88,21.94
148,DGX,Domestic Common Stock,Healthcare,0.06024276704589656,0.06262670700380052,0.276396512754278,178.0,0.14651612447843665,298,335,8108425690.802867,36752386.5,36752386.5,20.49199755335467,1221221000,77.84,38.92
149,SPLS1,Domestic Common Stock,Consumer Cyclical,0.059914101296720604,0.1254341060424352,0.012174197238337126,34.0,-0.024828137538702385,196,224,12770466107.982487,76263106.8,76263106.8,61.3913787914398,3484784000,25.79,17.193
150,NKE,Domestic Common Stock,Consumer Cyclical,0.05985754456773063,0.08067287087686939,0.10604762720575578,82.0,0.0016118308394211854,129,153,18544028292.774376,86566424.1,86566424.1,67.78749866271117,2837100000,70.47,8.809
151,UHS,Domestic Common Stock,Healthcare,0.059716545480239074,0.04372301609777382,0.09856272173201175,75.0,0.22358688189270912,656,707,3148273204.4875703,39587863.5,39587863.5,15.2522138440395,896332000,54.22,27.11
152,TRB,Domestic Common Stock,Communication Services,0.05968920949571712,0.07371302926333669,0.03672184916783028,43.0,0.17120689053274882,163,190,15538419889.218824,41220291.7,41220291.7,29.56317027777484,1385523000,49.65,49.65
153,IBM,Domestic Common Stock,Technology,0.059564959088134896,0.06996443456616724,0.05866788123278521,51.0,0.11355583378236159,10,10,168085400431.247,784541068.0,784541068.0,571.7565416004219,21522000000,97.7,97.7
154,DL1,Domestic Common Stock,Consumer Defensive,0.05911037118318316,0.007495517480316772,0.32772756917916723,188.0,0.05517687294676168,710,763,2765386119.6951013,35700228.8,35700228.8,9.883997108704513,353242000,28.59,28.59
155,BEAM2,Domestic Common Stock,Consumer Defensive,0.059009050864366405,0.09617022060790022,0.15230830991569655,117.0,0.11066423895479206,250,286,10115397405.25547,63249583.01980001,63249583.01980001,31.77559216908365,1583800000,69.05,69.05
156,ISSX,Domestic Common Stock,Technology,0.05897030242542558,0.0240242522081159,0.2976776917663624,183.0,-0.19738915365664628,1486,1557,918072280.0000001,35080339.507,35080339.507,1.1933348643777573,60087000,18.44,18.44
157,BRK.B,Domestic Common Stock Primary Class,Financial Services,0.058770393078404266,0.07150781556411934,0.1551416683178113,121.0,-0.11942865814756767,12,12,134642625061.96689,32931064.5,2564876164.5,300.52193701419895,18232000000,2915.0,58.3
158,HON,Domestic Common Stock,Industrials,0.058692118326638384,0.07012564787078872,0.3105549367752074,186.0,0.0889720093767638,81,96,31486340120.071194,204057624.0,204057624.0,264.5141240228269,5768000000,36.29,72.58
159,AL1,Domestic Common Stock,Basic Materials,0.05812797036219229,0.08604558025772316,0.13138218950920844,100.0,0.29982366858808507,169,196,14829349702.542921,104401311.77049999,104401311.77049999,64.61602506349448,3480000000,45.9,45.9
160,HNZ,Domestic Common Stock,Consumer Defensive,0.05802583821788298,0.05790769041172888,0.0057721757568620635,29.0,0.3256642123451785,199,227,12577465874.074654,45044410.9,45044410.9,54.37756632944189,2090461000,35.48,35.48
161,MFE,Domestic Common Stock,Technology,0.05791110072271384,0.08109959722396577,0.10353866317168992,80.0,-0.010278278108113078,718,772,2718632490.75232,35988434.7,35988434.7,6.113141585102253,226854000,16.84,16.84
162,HPQ,Domestic Common Stock,Technology,0.05737270965805101,0.10489524628760764,0.19971315883829344,147.0,-0.08653047701699108,32,37,76952962938.5467,355639868.0,355639868.0,322.9655306037077,19853000000,25.24,25.24
163,KMB,Domestic Common Stock,Consumer Defensive,0.057183423573954284,0.07724014123663611,0.10917089374691358,84.0,0.13046668624940633,88,103,28927963675.708454,89764456.0,89764456.0,75.85507409918803,3641600000,57.0,57.0
164,MGM1,Domestic Common Stock,Communication Services,0.05704051970627967,0.01579504402966023,0.09756097560975618,73.0,0.045666864956522335,525,572,4078241243.205047,27786688.370000005,27786688.370000005,10.765208426612165,457051000,16.65,16.65
165,MTCH,Domestic Common Stock,Communication Services,0.05696023823231864,0.029790856345818875,-0.1029461794924128,9.0,-0.0631202133075201,113,132,21902559376.79943,197879924.0,197879924.0,26.512939376298682,1610270000,33.83,135.32
166,MIK1,Domestic Common Stock,Consumer Cyclical,0.05685510639707683,-0.04985906961766372,-0.036867188202500234,16.0,0.03259683620721341,680,732,2996124900.55525,32740464.2,32740464.2,16.659611587087483,755246000,44.07,22.035
167,PCG,Domestic Common Stock Primary Class,Utilities,0.05675458101830967,0.36393325130500587,0.12070119095410137,92.0,0.5240611034488435,226,260,11364721374.507473,38794751.0,38794751.0,158.4677395793867,3103000000,27.4,27.4
168,MDLZ,Domestic Common Stock,Consumer Defensive,0.05660650459054468,0.07091642633267342,0.07899394503958979,65.0,0.25081033205850656,48,56,55276333040.40214,42964641.0,42964641.0,166.7434655718682,7480000000,31.81,31.81
169,DHI,Domestic Common Stock,Consumer Cyclical,0.05656289112602604,0.2850671518687401,0.1480649369473832,113.0,0.37174381377819987,361,403,6623618286.506105,83751498.9,83751498.9,46.88257472956549,2862232000,28.51,21.383
170,NTRS,Domestic Common Stock Primary Class,Financial Services,0.056089760112125804,0.14348294824873326,0.11023651145602331,85.0,-0.04441322005441721,227,261,11231996691.385439,80050048.0,80050048.0,10.755155418904677,520700000,50.76,50.76
171,WTW,Domestic Common Stock,Financial Services,0.05577710043638531,0.05372510008588285,0.07867634319594985,64.0,0.03246419100359029,429,473,5360622866.027508,29012232.6,29012232.6,9.456602054426632,452000000,34.56,91.55
172,EASI1,Domestic Common Stock,Basic Materials,0.055744782962366124,0.03052115531241365,0.20536884229911156,150.0,0.06732761832821921,1236,1302,1254736251.2330632,25005295.529999997,25005295.529999997,2.592681167791741,155669000,51.14,34.093
173,DFODQ,Domestic Common Stock,Consumer Defensive,0.055681619395443124,0.04507022117193101,0.06326929713562701,54.0,0.5231105159453086,448,493,5058240098.940976,65572621.8,65572621.8,42.14339250297219,2306848000,32.42,64.84
174,VRSN,Domestic Common Stock,Technology,0.05535838510476589,0.06338788636885762,0.3640300702729202,192.0,-0.0977005845055276,467,512,4805902475.234878,93637088.0,93637088.0,5.976348889780382,268123000,19.9,19.9
175,G1,Domestic Common Stock,Industrials,0.05515040465754126,0.06626640637527353,0.16309848189957243,126.0,0.08781410188041108,67,81,37243607055.18661,86284674.0,86284674.0,71.50578009557063,2405000000,36.65,36.65
176,KRI,Domestic Common Stock,Consumer Cyclical,0.055141082293589376,0.0917800001421493,0.10582212131831992,81.0,0.24913618890762143,384,426,6113663097.961942,24770183.5,24770183.5,18.41085536002096,685344000,76.52,76.52
177,ETN,Domestic Common Stock,Industrials,0.055055090711348884,0.08453340699774041,0.2777184688119563,179.0,0.24356823557607143,270,306,9227121296.801033,77074896.6,77074896.6,50.50144731709971,2026000000,121.41,30.352
178,AMG,Domestic Common Stock Primary Class,Financial Services,0.054985082770834186,0.06775735319527451,0.20747855277881277,152.0,0.2973038890479529,1004,1065,1711755175.349572,30692004.6,30692004.6,6.0332434750977,128465000,80.26,53.507
179,HLT1,Domestic Common Stock,Consumer Cyclical,0.054931235169582295,0.058470222309359304,0.007681689971793526,31.0,0.7002182428736657,370,412,6499034636.630303,25688552.1,25688552.1,33.34766487705855,964000000,17.11,17.11
180,SFA,Domestic Common Stock,Technology,0.05462253766135378,0.026283118369880325,0.018287734755390472,36.0,-0.07925553499003435,431,475,5349897908.656729,68957211.8,68957211.8,12.950966388480376,395636000,35.22,35.22
181,STX,Domestic Common Stock,Technology,0.054333487303579196,0.080534915191092,-0.44897959183673475,1.0,-0.009702152973552192,334,373,7251513192.933696,149165059.0,149165059.0,30.06445761641742,1740000000,16.1,16.1
182,TFC,Domestic Common Stock Primary Class,Financial Services,0.054227869036317926,0.2067964249755538,0.0016112400103129865,27.0,0.6414731475225245,122,143,20120115715.210552,55391175.0,55391175.0,20.651233357941166,1253561000,36.49,36.49
183,SDS1,Domestic Common Stock,Technology,0.05409731987753758,0.061262237588322895,0.010398613518197042,32.0,-0.011744827469244438,291,328,8374555357.373864,30813187.0,30813187.0,13.263934823324679,742427000,29.15,29.15
184,ACN,Domestic Common Stock,Technology,0.05377394649099822,0.01433879121522167,0.09177820267686454,71.0,-0.10721533344871863,108,126,22704842766.271286,163234059.0,163234059.0,63.548400653986704,3574488000,24.15,24.15
185,ANN,Domestic Common Stock,Consumer Cyclical,0.053511140050285406,-0.0032524706487319748,0.19081896551724142,141.0,-0.08409500290987652,932,993,1875497324.5886717,43121244.435,43121244.435,6.822282656523304,396807000,41.44,27.627
186,MAN,Domestic Common Stock,Industrials,0.05336571696500299,0.06628360877002355,0.1947508252153607,144.0,0.13959548559905308,554,604,3777706202.883181,44231764.0,44231764.0,56.9218766225671,3203200000,48.38,48.38
187,COL,Domestic Common Stock,Industrials,0.05327392138672809,0.09958393148107342,0.2580236692154094,172.0,-0.005049633927019902,403,445,5743898553.640779,24743363.0,24743363.0,15.28698606242054,743000000,32.45,32.45
188,ADVP,Domestic Common Stock,Consumer Defensive,0.05314050142147838,0.05135701936879807,0.1912801880743753,142.0,0.03493238153867265,439,484,5176390749.839999,80202889.46000001,80202889.46000001,71.15764102414137,3692382000,55.74,55.74
189,EDS,Domestic Common Stock,Communication Services,0.05270103030353492,-0.0699285812723233,0.1577610676759118,123.0,0.40304612749318197,218,250,11783450843.812943,76474578.9,76474578.9,105.09819787319061,5239000000,24.53,24.53
190,MGM,Domestic Common Stock,Consumer Cyclical,0.05267386245474742,0.03491872050943323,0.0840248962655592,66.0,0.9866657978771649,408,450,5703530859.505499,27097614.5,27097614.5,24.053745517757278,1096350000,39.35,19.675
191,ZION,Domestic Common Stock Primary Class,Financial Services,0.05223846550331987,0.09073702673493637,0.041729973280243415,45.0,0.4502221028378425,420,463,5546181290.137387,36215866.0,36215866.0,7.396768503127326,448995000,61.72,61.72
192,STR1,Domestic Common Stock,Utilities,0.05219299443195882,0.029258621237773088,0.14397180971558043,110.0,0.3774035226042606,664,716,3064395935.5216746,26550312.8,26550312.8,10.974848212364451,273503000,36.68,18.34
193,PG,Domestic Common Stock,Consumer Defensive,0.05211380428892476,0.038464029075527886,0.05359518034582633,49.0,0.10464218692956476,13,14,129159636143.28717,371090262.0,371090262.0,234.1760352984885,12195000000,99.15,49.575
194,BDX,Domestic Common Stock Primary Class,Healthcare,0.05205080648299924,0.10282395223995468,0.17109403002907264,130.0,0.07742514916452668,228,262,11140672723.090273,34917175.0,34917175.0,19.590157971225864,1176882000,43.75,43.75
195,SRCL,Domestic Common Stock Primary Class,Industrials,0.052045746870972076,0.051053970446541586,-0.05994787141615976,12.0,0.08698107251799253,954,1015,1820974924.9051342,29594751.7,29594751.7,1.9168514618017627,113228000,43.28,21.64
196,HWM,Domestic Common Stock Primary Class,Industrials,0.05180615356422153,0.039924008251326686,0.22879214497148226,163.0,0.2957150673143337,80,95,31559957408.78873,296875650.0,296875650.0,129.53940994221608,5322000000,36.3,108.9
197,XOM,Domestic Common Stock,Energy,0.0517898538377794,0.03842885297812807,0.09941682865870627,76.0,-0.005824643264648286,3,3,273856729629.4213,481131328.0,481131328.0,2026.4769312998424,59841000000,41.43,41.43
198,BBWI,Domestic Common Stock,Consumer Cyclical,0.05173066498056008,-0.13905593242961659,0.06702974444909948,58.0,-0.1319059130076259,267,303,9325571209.67396,35428885.0,35428885.0,78.33588577229304,1846770000,18.05,18.05
199,UNTD,Domestic Common Stock,Communication Services,0.051570503107454944,0.05193201714942523,-0.014899682642139589,20.0,-0.064724598341321,1194,1259,1333281543.8455644,36249741.651354,36249741.651354,1.4657149258287305,88790000,20.45,143.15
200,CLX,Domestic Common Stock,Consumer Defensive,0.05151993479429211,0.039197841161758964,0.07761884728649582,63.0,0.09789134700270392,245,280,10306690063.179768,49703075.0,49703075.0,36.52267581993273,1048000000,48.84,48.84
201,CAH,Domestic Common Stock,Healthcare,0.05090139759751874,0.033759399194716884,0.023597372196632715,,0.06558259536459524,98,114,25924631980.327507,152122020.0,152122020.0,253.37345301101527,15388700000,59.85,59.85
202,SNV,Domestic Common Stock Primary Class,Financial Services,0.0508673047168725,0.13798527468068067,-0.041133172511906846,,0.23968730329788868,312,349,7774974557.8482895,57729406.0,57729406.0,8.699906554455604,525190000,25.7,179.9
203,CCU1,Domestic Common Stock,Communication Services,0.05066476588310139,0.043976101558207054,0.11184327693677676,,0.27997914381028105,93,108,28089165620.21789,156529689.06099996,156529689.06099996,43.38101238325765,2544146000,45.63,45.63
204,UPS,Domestic Common Stock,Industrials,0.050621560427735836,0.05678834291626844,0.09811774128954776,,0.011812350627205629,25,30,81566035600.46912,176178885.0,176178885.0,156.73167885641436,8312000000,72.3,72.3
205,KR,Domestic Common Stock,Consumer Defensive,0.050466910581355405,-0.12684732702150608,-0.029042504916048983,,0.629156090457879,181,208,13969549391.447325,60074463.5,60074463.5,296.40633874507853,12141000000,18.75,9.375
206,IPG,Domestic Common Stock,Communication Services,0.05036124603209244,-0.07530539546028728,0.1953006862859128,,0.32719376396478683,368,410,6554643222.879066,60443584.0,60443584.0,40.26791639050127,1420100000,16.71,16.71
207,XEL,Domestic Common Stock Primary Class,Utilities,0.04988167494342409,0.10660866988130147,0.15498610682309333,,0.9217345509307637,340,380,7052409535.14485,31102009.0,31102009.0,94.8573074510498,2057724000,17.3,17.3
208,ADP,Domestic Common Stock,Industrials,0.04983840866378628,0.017482566391111412,0.06346645900545145,,-0.05754376355564285,102,119,24376741404.321213,117930762.0,117930762.0,38.18839395984718,1720277000,40.86,40.86
209,DHR,Domestic Common Stock Primary Class,Healthcare,0.04951502951544249,0.043934310395393424,0.1942799966647215,,0.012286906946009025,176,203,14275221219.035223,117181770.7,117181770.7,21.91015490263255,1309451000,92.94,23.235
210,ROK,Domestic Common Stock,Industrials,0.0494916586588764,0.07264830628825894,0.26287553648068696,,0.08614395649328926,362,404,6607173993.780709,32801750.0,32801750.0,48.71243921380709,1058000000,35.44,35.44
211,OHP,Domestic Common Stock,Healthcare,0.0493709692871344,0.16590488860563007,0.12639053254437838,,-0.04385112627664878,549,599,3854208307.9901514,55418483.0,55418483.0,29.373249089629915,1371629000,47.59,47.59
212,ANT,Domestic Common Stock,Technology,0.04931023650749184,0.06273660081671714,-0.1075105996365836,,0.1251047556395192,1394,1464,1038628155.6816051,26139719.9,26139719.9,4.6069571066593324,279080000,29.47,29.47
213,XRAY,Domestic Common Stock,Healthcare,0.049095253877861234,0.06496338931438438,-0.07214247740563517,,0.20473085552308762,606,657,3407457682.491727,25356009.0,25356009.0,7.236318687812292,400420000,43.0,21.5
214,EMR,Domestic Common Stock,Industrials,0.048989032127295135,,0.22979629876181584,,0.13520974916772982,90,105,28455348870.289425,77940215.0,77940215.0,82.94441389487002,,67.62,33.81
215,CAT,Domestic Common Stock,Industrials,0.04878081813690775,0.010175561781906057,0.10656296902715279,,0.7270024348993606,87,102,29089303012.86561,200969603.5,200969603.5,131.7039128159184,5545000000,83.4,41.7
216,LEN,Domestic Common Stock Primary Class,Consumer Cyclical,0.04860709688225766,0.06234666011243001,0.0912333333333335,,0.13991012394149518,327,365,7348268522.705693,189472406.0,196008535.2,45.59735846620281,2267842000,46.49,46.49
217,LEARQ,Domestic Common Stock,Consumer Cyclical,0.04839147292351492,0.02223687765277755,0.14498228194197083,,0.5028931857237023,486,531,4568986778.9199,48420186.1,48420186.1,79.39968029730873,3491500000,67.3,67.3
218,MSI,Domestic Common Stock,Technology,0.048255262864383586,0.10293097253015294,0.228073802263683,,0.03911019676275167,64,76,39249604863.26415,656371030.0,656371030.0,199.80692796655023,6829000000,16.81,117.67
219,RTX,Domestic Common Stock Primary Class,Industrials,0.04806247161836866,0.07912535520451688,0.16532368205408354,,0.10171888335336154,58,68,45295215304.07495,212479856.5,212479856.5,157.1624447925757,7954000000,95.87,47.935
220,LSI1,Domestic Common Stock,Technology,0.047974516115153604,0.02249913784281248,0.18365180467091347,,0.22211225889993988,511,558,4226473061.5167933,68522140.3,68522140.3,14.826343163141106,450227000,11.15,11.15
221,INTU,Domestic Common Stock,Technology,0.047940990700081974,-0.03914548901774592,0.01935242022398187,,-0.040153106469242486,258,294,9833776755.873213,178662365.0,178662365.0,10.780567860433795,242528000,49.54,24.77
222,CL,Domestic Common Stock,Consumer Defensive,0.04777535572664831,0.06996633195164155,-0.10380339379754189,,0.10645159273947719,94,109,27641866395.636086,165768644.5,165768644.5,56.29640946617605,2523800000,51.45,25.725
223,CPWR,Domestic Common Stock,Technology,0.047771684326456065,0.04514561234814028,0.14430014430014437,,-0.17464242459739376,724,779,2681190789.1861005,24718573.3,24718573.3,13.528329950627093,302753000,6.98,6.98
224,PRX,Domestic Common Stock,Healthcare,0.04761331003339023,0.07398759581617075,-0.12285714285714333,,0.01841122440116819,863,923,2088890688.9743953,49078993.9,49078993.9,3.569518144749675,216635000,61.4,61.4
225,MHK,Domestic Common Stock,Consumer Cyclical,0.04735248578875277,0.07502630675168397,-0.022464352972827784,,0.15675040414688354,465,510,4831425345.242174,28776824.2,28776824.2,23.89136751980311,1303166000,72.67,72.67
226,BUD1,Domestic Common Stock,Consumer Defensive,0.04734120448510471,0.07364566551176477,-0.0009762374919569661,,0.1711145808652329,62,74,41023459819.46987,161508640.1,161508640.1,72.14606446423325,3880500000,50.14,50.14
227,RX,Domestic Common Stock,Technology,0.04710943708280925,0.059253488630565954,0.16903106165971216,,0.03967409722239555,381,423,6225928776.954721,27673991.4,27673991.4,8.514563217246838,345978000,26.0,26.0
228,COF,Domestic Common Stock Primary Class,Financial Services,0.0468763056104999,-0.06486466886351731,0.10430499500933021,,0.9172253445188164,159,185,16129705405.594925,223317145.0,223317145.0,28.350453090273817,1702985000,69.85,69.85
229,DG1,Domestic Common Stock,Consumer Defensive,0.04683341806150011,0.014007199379847308,0.050261831351245734,,0.022985676668190888,326,364,7488434850.93188,32018864.4,32018864.4,30.299294089357083,1685346000,22.22,22.22
230,NYT,Domestic Common Stock,Consumer Cyclical,0.04681804643763747,0.07452545198393071,0.05213256230369612,,0.12667158456534008,338,378,7077313668.808441,26643530.0,26643530.0,19.28622889793439,759287000,47.37,47.37
231,NUE,Domestic Common Stock,Basic Materials,0.0464924939237521,0.0981759935202702,0.15804953560371504,,0.14516754907214552,500,547,4388049914.779353,105766605.2,105766605.2,27.230361914687936,1604011344,55.85,13.963
232,MMM,Domestic Common Stock,Industrials,0.046291156636685184,0.0293606665627249,0.10737927457978702,,0.027698691996022075,39,45,64439953907.65433,345219530.0,345219530.0,93.76199835346925,4616000000,81.75,81.75
233,UPC1,Domestic Common Stock,Financial Services,0.04628900377452369,0.7898274696864714,-0.046456205509130544,,0.5604666837610761,390,432,5938775466.8269205,30145556.3,30145556.3,10.722173400299095,469616000,31.16,31.16
234,ATML,Domestic Common Stock,Technology,0.04623768401238345,0.1253921073492173,0.5791757049891542,,0.06432404489172383,602,653,3432113943.1961727,71775842.4,71775842.4,11.332416964575584,335187000,7.28,7.28
235,PCAR,Domestic Common Stock,Industrials,0.04614602744889088,0.08613656031133447,0.05887162714636118,,0.28520570452739635,256,292,9909845446.750177,72778638.6,72778638.6,49.89066451422663,2058500000,83.46,16.486
236,HOG,Domestic Common Stock,Consumer Cyclical,0.04595357206128827,0.060311389065206174,-0.08201211652487728,,-0.01554463391068579,180,207,13975801470.741976,137868857.0,137868857.0,20.432465395479582,1133641000,46.05,46.05
237,WM,Domestic Common Stock,Industrials,0.04569789399764499,-0.02072131225804145,0.070754061935842,,0.5323417579618618,157,183,16215189260.979662,60337796.0,60337796.0,78.08037060089329,2975000000,27.84,27.84
238,MCD,Domestic Common Stock,Consumer Cyclical,0.04569091349912482,0.09520156790312855,0.07015130674002767,,0.26536949689548767,77,91,32881811391.859734,129116158.0,129116158.0,75.71975519896849,4504600000,25.52,25.52
239,TRI1,Domestic Common Stock,Healthcare,0.04532994964780092,0.07930945231564536,0.1503267973856215,,0.6530450471060529,706,759,2784031329.8499837,30520006.3,30520006.3,16.266664587586085,982000000,36.96,36.96
240,CPB,Domestic Common Stock,Consumer Defensive,0.04520474379796214,-0.03240747416880382,-0.002836118350452388,,0.3320174587653266,235,269,10861691909.912663,30283843.0,30283843.0,56.79148452020884,1909000000,26.27,26.27
241,FSH,Domestic Common Stock,Consumer Cyclical,0.04499392537696612,0.05345525274809857,0.11890788466445468,,0.5248432665750914,712,765,2753705060.448638,26828412.1,26828412.1,14.653763682429547,890000000,43.85,43.85
242,MCO,Domestic Common Stock,Financial Services,0.04472554335996578,0.0653757265168079,0.04058526389130801,,0.01402473772222378,275,311,9079822613.480055,40270354.0,40270354.0,5.239009760917684,305000000,60.97,30.485
243,ESINQ,Domestic Common Stock,Consumer Defensive,0.04469918474084986,0.03233329841740666,0.04237798754770061,,-0.07447830209156937,803,863,2349528310.39046,41047533.6,41047533.6,2.2240924324816778,134382000,51.9,51.9
244,ADBE,Domestic Common Stock,Technology,0.044599768665999094,0.039648033077704654,-0.08078540034397053,,-0.014729714789962352,277,314,9019463823.063951,159606316.8,159606316.8,7.029267291766611,319122000,38.53,19.265
245,APPB,Domestic Common Stock,Consumer Cyclical,0.044499767555763424,0.05726264507343963,0.10927212050148816,,0.012246015519086823,871,931,2069831036.411126,28202113.996499997,28202113.996499997,4.21126268088983,252995000,37.6,25.067
246,CKFR,Domestic Common Stock,Technology,0.044395052128052594,0.02696908503515635,0.4663234663234661,,-0.0029166367566897493,665,717,3063359394.3696446,51875825.464,51875825.464,2.408409254691202,141264000,34.18,34.18
247,BBY,Domestic Common Stock,Consumer Cyclical,0.04431953937716182,0.02273385698621254,0.0149160646536044,,-0.05827265845362315,145,170,17418953600.357525,222602787.2,222602787.2,126.89791687213595,6034000000,53.65,35.767
248,BCR,Domestic Common Stock,Healthcare,0.04420736238603501,0.05450282393630313,0.22421620304073508,,-0.05123440453431777,482,527,4594257359.813866,32404701.2,32404701.2,7.52920589472854,361800000,88.35,44.175
249,JNJ,Domestic Common Stock,Healthcare,0.044013389646932355,0.07125855836140048,0.06907605999312993,,0.009004712106058712,11,11,156725034252.8612,475988897.0,475988897.0,173.19967352281049,10455000000,52.56,52.56
250,MRSH,Domestic Common Stock,Financial Services,0.043901013387470246,0.07367030214889465,0.021858112789247874,,0.10268093230050043,99,115,25899174353.10298,90758541.0,90758541.0,55.63022150152483,2837000000,48.53,48.53
251,K,Domestic Common Stock,Consumer Defensive,0.04367884578579313,0.12078675671469291,0.12941977831444662,,0.35103010712971056,162,189,15561308632.864046,38282323.0,38282323.0,48.86583023875132,2281600000,37.86,37.86
252,ABT,Domestic Common Stock,Healthcare,0.04333311093948633,0.043528400150272845,0.04736045579987502,,0.07646616535726021,36,41,68692991005.35073,570456336.0,570456336.0,83.7641553434418,4845881000,43.7,43.7
253,HOT,Domestic Common Stock,Consumer Cyclical,0.0433156654252054,0.11846573556050152,0.029580382521558368,,0.5837394532612515,317,355,7664663505.476452,39849204.9,39849204.9,54.18845894840397,1140000000,37.03,37.03
254,VYX,Domestic Common Stock,Technology,0.04321044687380024,0.024989174095691707,0.18596702854845137,,-0.0780178270734863,550,600,3841663579.291763,39379349.8,39379349.8,48.11674584999734,1355000000,40.61,20.305
255,ACV1,Domestic Common Stock Primary Class,Consumer Defensive,0.043072064457369434,0.07736050942956431,0.004650870466972101,,-0.013620321049014755,568,619,3649975964.249416,68530755.278985,68530755.278985,12.34797985816751,751628000,60.9,40.6
256,FOX1,Domestic Common Stock,Communication Services,0.043036330354710904,0.0285045824427306,0.06387959866220672,,0.026211297630254295,89,104,28626976088.474537,68313781.6,68313781.6,58.01336451851427,2758000000,31.81,31.81
257,PSKY,Domestic Common Stock Primary Class,Communication Services,0.04292039612137692,0.038551433356793306,0.032418842625265176,,0.13181195873110332,35,40,73449927887.079,352908207.0,352908207.0,120.90375195440261,6599800000,41.99,41.99
258,GWW,Domestic Common Stock,Industrials,0.04267090970101066,0.11068107804241004,-0.06039560439560443,,-0.035464157655023386,515,562,4220486539.0,34150948.0,34150948.0,26.30264615822909,1200669000,46.25,46.25
259,ITW,Domestic Common Stock,Industrials,0.042605507913328726,0.05506627246661874,0.18134765152614607,,-0.016608788110898803,101,118,25363692464.32418,74273335.5,74273335.5,97.69671129382164,2531885000,82.08,41.04
260,OCR,Domestic Common Stock Primary Class,Consumer Defensive,0.042517444220490724,0.05166237780211161,0.21750088957419145,,0.21361363751807755,491,537,4509819522.679365,31275922.1,31275922.1,14.845645662154306,901654000,44.0,44.0
261,COR,Domestic Common Stock,Healthcare,0.042370788535032435,0.708698196307633,-0.019697964543663904,,0.13813941146309563,380,422,6254002088.748174,82020270.7,82020270.7,215.47277964551208,12639583000,55.77,13.943
262,HRB,Domestic Common Stock,Consumer Cyclical,0.04219994648251602,-0.14827061125008478,0.3335623834298609,,0.013871853325765944,242,276,10422240705.5,63655823.0,63655823.0,33.92408646657277,579855000,58.46,29.23
263,PEP,Domestic Common Stock,Consumer Defensive,0.041965714980372756,0.07857731358409417,-0.03401920438957495,,0.00031233079053721787,30,35,79564949663.35355,249300503.0,249300503.0,188.0589947852533,6830000000,46.19,46.19
264,SYY,Domestic Common Stock,Consumer Defensive,0.04180733281324028,0.01420405507148263,0.09590039818293983,,0.0424559528689005,104,121,23730406444.053345,57760092.0,57760092.0,117.55231370389298,7134281000,36.54,36.54
265,PBI,Domestic Common Stock Primary Class,Industrials,0.04167815392393321,0.07402519237398625,-0.017722608882829616,,0.3379605709594431,264,300,9414308529.982307,25307947.0,25307947.0,27.004669885468815,1137149000,40.0,40.0
266,IP,Domestic Common Stock,Consumer Cyclical,0.041661466753050456,0.06356594927269554,0.12198197062346261,,0.752161610827179,116,136,20954615092.52021,128989162.0,128989162.0,157.41343526273386,6373000000,43.32,43.32
267,BNI,Domestic Common Stock,Industrials,0.04151510914761595,0.054370872729816555,0.1151916741539376,,0.6459023618599687,209,238,12212421222.289259,36432591.9,36432591.9,53.2728029379374,2395000000,32.74,32.74
268,EA,Domestic Common Stock,Communication Services,0.04148981697156731,0.012965831451093049,-0.04365234979670207,,-0.02522910342730155,177,204,14223538281.800892,212928612.0,212928612.0,21.38663950818011,530005000,47.75,47.75
269,PSUNQ,Domestic Common Stock,Consumer Cyclical,0.04119948688191454,0.05646033759992455,0.004248088360238045,,-0.04889850543730103,946,1007,1850290034.3999999,36051557.432,36051557.432,4.611970021481905,281253000,23.64,23.64
270,AFFX,Domestic Common Stock,Healthcare,0.04111590893204223,-0.03163981742035923,0.34574220567705893,,0.1491048140496268,1003,1064,1715686259.462103,41106318.102,41106318.102,1.3452980852651268,76185000,28.92,28.92
271,YUM,Domestic Common Stock,Consumer Cyclical,0.040873390653464105,0.10808524306453036,0.0745670715947262,,0.18824269790551237,246,281,10251168139.007545,34052383.5,34052383.5,67.31675356385394,1989000000,34.85,17.425
272,BR1,Domestic Common Stock,Energy,0.04068378560249875,0.07356984563118524,0.2121527200133082,,0.3370830701304695,217,249,11798312101.283882,89967271.4,89967271.4,23.353957418427296,1059000000,59.23,29.615
273,COLM,Domestic Common Stock,Consumer Cyclical,0.04034323354067175,-0.11377606873288437,-0.04361896721542147,,-0.028171689142237125,840,900,2196279083.843725,26178189.0,26178189.0,6.156120283626446,373409000,54.84,27.42
274,TWX,Domestic Common Stock,Communication Services,0.039828578071859896,0.0341487371044818,0.22680315845323196,,0.33731848172195406,23,27,86093959814.81682,300624201.9,300624201.9,195.66972404048528,10334000000,19.04,57.12
275,LHX,Domestic Common Stock,Industrials,0.03971426257335577,0.0814900288528094,0.3671692694309807,,-0.03155046069047636,624,675,3298563073.1033053,45457813.5,45457813.5,24.246764550685437,559200000,49.4,24.7
276,MSFT,Domestic Common Stock,Technology,0.0397114599029286,0.04257763966878066,-0.016728834633208733,,-0.020765207579685415,2,2,305982203366.53754,1589218626.0,1589218626.0,148.3052718171835,8215000000,28.3,28.3
277,EAT,Domestic Common Stock,Consumer Cyclical,0.039689130030923676,0.03353339790372431,0.07578534031413575,,0.11459430213642499,586,637,3500152305.9780455,35506294.31730001,35506294.31730001,14.571845894122987,870898000,36.2,24.133
278,PFGC1,Domestic Common Stock,Consumer Defensive,0.03954743961235922,0.05565441634968421,-0.08582638548307986,,0.18918516217637601,1006,1067,1708328040.0000002,37501018.608,37501018.608,22.909392099679756,1388334000,37.28,37.28
279,HD,Domestic Common Stock,Consumer Cyclical,0.03935131310056877,0.035318759235358495,0.016787152491387847,,-0.04525051303978592,27,32,81090051349.61757,365336698.0,365336698.0,300.0527328073238,16598000000,35.64,35.64
280,ITT,Domestic Common Stock,Industrials,0.039120101740926914,0.15385097518127044,0.2032642542682268,,0.0698813685220513,348,389,6845585468.399519,41479456.0,41479456.0,55.421700000161884,1375200000,74.01,74.01
281,TJX,Domestic Common Stock,Consumer Cyclical,0.03876386546949562,0.05578452122365261,0.10563380281690193,,0.0564902303454232,219,251,11777102063.24117,63111647.1,63111647.1,59.92910879649941,3387452000,23.4,5.85
282,MRX1,Domestic Common Stock,Healthcare,0.038714239094593754,0.06206071083600835,0.3052742005498479,,0.18974075884545893,857,917,2102973012.1021335,37162640.0,37162640.0,1.1081003409559864,63295000,76.63,38.315
283,GEN,Domestic Common Stock Primary Class,Technology,0.03857705528151998,0.04084553710691005,0.16209349593495959,,-0.13879188152155955,220,253,11660221256.3249,166017516.5,166017516.5,7.065776444174615,428665000,37.85,18.925
284,DELL1,Domestic Common Stock,Technology,0.038518617895139384,0.042238908433892546,-0.014460279047533109,,-0.04598345724730372,22,26,88165157151.92722,666820677.8903999,666820677.8903999,173.95321924267773,10622000000,34.434,34.434
285,KO,Domestic Common Stock,Consumer Defensive,0.038268234265863565,0.05973498460425933,0.13844505935910068,,0.0170783030439079,15,16,122608217755.82698,232112986.5,232112986.5,121.40536849009061,5662000000,49.78,24.89
286,MEDI1,Domestic Common Stock,Healthcare,0.038208032554309906,-0.09321705888508987,-0.3557163531114328,,0.054877505028548004,423,466,5510150246.567767,162533366.43,162533366.43,7.433556067096072,99359000,22.26,22.26
287,HAR,Domestic Common Stock,Technology,0.038042396798734376,0.019147910249204772,0.45461057826242657,,0.08718708939981629,438,483,5200776413.924115,25112494.4,25112494.4,10.356630479038976,597294000,79.08,79.08
288,ADSK,Domestic Common Stock,Technology,0.038013978426840254,0.06429209774203855,0.43074927019137244,,-0.08441226820882425,679,731,2998502254.095021,43546701.7,43546701.7,5.182413196840517,233862000,26.55,13.275
289,DOV,Domestic Common Stock,Industrials,0.03774684922615097,0.02219078466442288,0.12882962962963007,,0.08546114178853748,282,319,8776255682.036963,74182230.0,74182230.0,29.430651607263297,1153742000,43.17,43.17
290,SO,Domestic Common Stock Primary Class,Utilities,0.037691209130175624,0.15708786410239697,0.027677496991576733,,0.5048509862984714,111,129,22016035546.48642,69535133.0,69535133.0,150.88750178065044,3319096000,30.07,30.07
291,IMDC1,Domestic Common Stock,Healthcare,0.03750946905398903,0.034730989864804655,0.08144865860881345,,-0.016211646120313453,998,1059,1727563776.1422458,94391126.86,94391126.86,1.4375025183458179,80100000,49.3,49.3
292,ACS,Domestic Common Stock,Technology,0.037475687196342845,0.004982599547386011,0.1489977268030589,,0.08380524302396425,331,369,7298198391.054205,86080629.9,86080629.9,17.136180790906845,1036635000,55.6,55.6
293,GTK,Domestic Common Stock,Communication Services,0.03719108935449008,0.08494344145786292,0.26419662844351,,0.0841923430883071,613,664,3361719222.803717,44684173.2,44684173.2,6.472866262362916,254922000,56.9,28.45
294,RDUS,Domestic Common Stock,Basic Materials,0.03711078719868608,0.028528416352281604,0.20257041619121963,,0.07557638362697429,1483,1554,922588890.8444445,147069423.11834997,147069423.11834997,2.7730858462319707,128376000,46.15,30.767
295,TGNA,Domestic Common Stock,Communication Services,0.037011945898117,0.0551044752209962,0.06489343989344043,,0.17416396830605185,105,122,23365942508.956223,97239664.0,97239664.0,34.808755894941484,1631283000,86.0,86.0
296,VAR,Domestic Common Stock,Healthcare,0.036990712956087836,0.04838098775037372,0.33243564356435584,,-0.03236973832250112,440,485,5166161577.55211,52369344.3,52369344.3,8.904255208589284,303234000,75.95,37.975
297,ORCL,Domestic Common Stock Primary Class,Technology,0.03686634440730461,0.01674915400233098,0.1930592306126604,,-0.05527832497272736,33,38,76899406371.25606,729883093.0,729883093.0,69.06706872650406,2498000000,14.71,14.71
298,DIS,Domestic Common Stock Primary Class,Communication Services,0.03683808901259264,0.07868870417592683,0.13388702362019123,,0.2467476672304732,51,60,50274051929.42872,228115255.0,228115255.0,153.94325653681307,7088000000,24.58,24.58
299,FDX,Domestic Common Stock,Industrials,0.036434602495743734,0.0725819413712845,0.018279642511424443,,0.08119010271370514,117,137,20886738097.08503,175985722.0,175985722.0,99.7269648964057,5920000000,70.0,70.0
300,NSC,Domestic Common Stock,Industrials,0.03612171830946317,0.13570347668843913,0.23634797588285972,,0.8933580728403181,274,310,9108093839.317953,39870121.0,39870121.0,32.52997297814822,1598000000,23.24,23.24
301,STJ,Domestic Common Stock,Healthcare,0.035591806827013475,0.03632863624531285,0.21932672941756692,,0.004358945190312104,224,257,11473483264.976067,103548655.6,103548655.6,8.297915522255197,477454000,66.5,33.25
302,BMY,Domestic Common Stock Primary Class,Healthcare,0.03553077452323223,0.04979641382524292,0.21053621825023483,,0.07595273852460656,42,48,60004321003.64054,209934795.0,209934795.0,113.83359108991255,5337000000,30.64,30.64
303,APD,Domestic Common Stock,Basic Materials,0.0354482009204632,0.04443801883293236,0.09685741088180011,,0.20655848836026136,214,244,11935725622.559221,58310889.0,58310889.0,29.886199607472964,1642300000,52.29,52.29
304,CTAS,Domestic Common Stock,Industrials,0.03529245153863889,0.07707443648794271,0.10518273271361256,,0.051831970742857045,308,345,7860349392.172001,80995118.6,80995118.6,14.659873704184072,701309000,45.95,11.488
305,VSH,Domestic Common Stock,Technology,0.03505169182583122,0.054529576752518544,0.20970657766652723,,0.10124573103807559,543,592,3905403501.7824354,41753922.0,41753922.0,13.51281525436583,533168000,24.34,24.34
306,EL,Domestic Common Stock,Consumer Defensive,0.034889545192605904,-0.037749343978885075,0.1427942148153596,,0.04167328709852348,263,299,9441223672.63788,29634878.5,29634878.5,26.302929722835774,1351700000,41.08,20.54
307,BEAS,Domestic Common Stock,Technology,0.03481544345271238,0.03940166612262325,0.06547155105222147,,0.01907112244961726,421,464,5545958369.372924,110889471.5,110889471.5,5.104415837374345,252082000,13.67,13.67
308,MDC,Domestic Common Stock,Consumer Cyclical,0.034566928467703394,0.16471192162642473,0.04484109708315209,,0.23852559033017035,905,966,1950824183.3810892,49257341.7634017,49257341.7634017,13.363190314305646,798906000,66.31,34.95
309,ICST,Domestic Common Stock,Technology,0.034177446364520025,0.04333127645180499,-0.16464891041162222,,-0.05383308411808401,892,952,1991079124.9355433,56375235.660000004,56375235.660000004,1.120717513866976,65285000,27.6,27.6
310,HSY,Domestic Common Stock,Consumer Defensive,0.03400025802136793,-0.038190565370820946,0.01797961075069532,,0.11721996473676671,259,295,9828396001.877031,25391753.5,25391753.5,30.021959947178743,1191019000,75.15,37.575
311,MDT,Domestic Common Stock,Healthcare,0.033960496537688116,0.02833014665267792,0.08231427157701332,,0.02650045394788439,43,49,59978510553.858444,170413805.0,170413805.0,36.191706787373235,2163800000,49.41,49.41
312,APPX1,Domestic Common Stock,Healthcare,0.03386546890516587,0.02068353031395143,0.45329240022555095,,-0.025595277644373155,666,718,3056151393.911818,38635133.253000006,38635133.253000006,1.5151201174411757,90354000,39.98,39.98
313,AVY,Domestic Common Stock,Consumer Cyclical,0.03380994752758292,0.03737783143752886,0.08917715140284166,,0.21038486868573628,371,413,6474425901.472234,26460949.0,26460949.0,20.84664983770721,1204100000,58.22,58.22
314,APC1,Domestic Common Stock Primary Class,Energy,0.033786483083344414,0.07858032717121732,0.21738898092235326,,0.48765989722597824,193,221,13082154745.42513,103311245.5,103311245.5,82.4006982791179,1340000000,51.99,25.995
315,BEN,Domestic Common Stock,Financial Services,0.03362648643765676,0.039672913224928656,0.2758801204030883,,0.004403463043304423,170,197,14805769283.18216,74254773.2,74254773.2,16.09313875264359,721955000,59.49,19.83
316,NEBLQ,Domestic Common Stock,Energy,0.0334604501189177,0.07082356426407888,0.07021205543496434,,0.10867957326878899,457,502,4975575624.605048,88071041.2,88071041.2,4.629927868684888,254646000,37.19,18.595
317,MCHP,Domestic Common Stock Primary Class,Technology,0.033118951878791346,0.04064768100759783,0.21800679501698728,,-0.006562806056544213,363,405,6598457608.193344,77256304.0,77256304.0,4.0037154792759555,168486000,31.81,15.905
318,TROW,Domestic Common Stock,Financial Services,0.032997679082479574,0.058312528438984886,0.2672105600880015,,-0.041178105112836115,354,395,6703259324.606378,36527038.5,36527038.5,9.072047065352772,258268000,53.61,26.805
319,ALTR1,Domestic Common Stock,Technology,0.03290312403144744,0.03503436923920094,0.30218675762928715,,-0.13483155388351645,278,315,8976442471.472128,225403751.54000002,225403751.54000002,7.996281465806774,209446000,23.7,23.7
320,INTC,Domestic Common Stock,Technology,0.03288051531042468,0.0402401216870206,0.08226551986425523,,-0.03707977614922804,7,7,210337336100.3044,2025544797.7,2025544797.7,176.14692197166258,7833000000,32.2,32.2
321,BBBYQ,Domestic Common Stock,Consumer Cyclical,0.03281111855022264,0.0014737583711692448,-0.00572639294508448,,-0.05050942021592469,213,243,11953112765.71334,168270770.8,168270770.8,19.138829561206524,1174740000,40.06,40.06
322,QCOM,Domestic Common Stock,Technology,0.03276627724566934,0.04031253448452138,0.34816190122539914,,-0.04880354682989102,56,65,47091556615.69511,642830102.0,642830102.0,23.840040349916762,908816000,58.77,29.385
323,STT,Domestic Common Stock Primary Class,Financial Services,0.032556621703046774,0.024100356325632025,0.18015986202779355,,-0.2993271623935086,126,150,18920882074.88532,104245411.0,104245411.0,25.18371674336719,1126000000,56.45,56.45
324,JWN,Domestic Common Stock,Consumer Cyclical,0.03253058798706471,-0.07233359894998116,0.3458835341365465,,0.23321425582663557,437,481,5201842649.363957,47872892.7,47872892.7,35.054909779984534,1420610000,37.85,18.925
325,FL,Domestic Common Stock,Consumer Cyclical,0.03249977580894289,0.003333310339378758,0.4898238953917542,,0.010070105004532159,577,628,3600024833.642248,44324436.3,44324436.3,48.05468576421147,1194000000,25.06,25.06
326,COGN,Domestic Common Stock,Technology,0.032417416812787,0.031876342366710005,-0.03628185907046455,,-0.0548125678411128,693,746,2890544935.802491,30251790.022000004,30251790.022000004,2.8064370374884913,172227000,32.14,32.14
327,ELAB1,Domestic Common Stock,Healthcare,0.0323922046221845,0.04044739195004263,0.4354262378764666,,-0.023526844783477295,772,832,2490444875.269488,28918438.405,28918438.405,1.4004759233830157,85011000,56.24,28.12
328,APH,Domestic Common Stock,Technology,0.03225209625769355,0.03501150087102187,0.2526954177897587,,0.21296580715028623,674,726,3014780782.7159653,32660518.1,32660518.1,7.2654695463995065,314798000,68.9,2.153
329,ELNK,Domestic Common Stock,Communication Services,0.03213044772310803,0.04567212524745107,0.4122731201382883,,-0.20241893183514573,968,1029,1784195492.5131888,25302398.4,25302398.4,12.255928947201543,347352000,11.17,11.17
330,PLCM,Domestic Common Stock,Technology,0.032058657960892904,0.06168281393131616,0.2776235424764024,,-0.09679874897410178,822,882,2282191602.9438877,34692647.793,34692647.793,2.4536066657043616,109782000,23.01,11.505
331,BAX,Domestic Common Stock,Healthcare,0.031888873267470204,0.056438654145992646,0.06024325351577331,,0.25230452931996933,125,147,19348441533.975452,87555573.0,87555573.0,41.426150649657565,2219000000,31.09,31.09
332,SNDK1,Domestic Common Stock,Technology,0.031685443297636465,0.038804818921779935,-0.0264542615936163,,-0.01910197477102688,458,503,4962373368.837441,414996834.2,414996834.2,4.632365532574124,281400000,69.59,34.795
333,TT,Domestic Common Stock,Basic Materials,0.03164785493080987,0.06949989444028636,0.21387283236994237,,0.21202771602653245,204,233,12282033042.991238,102345974.5,102345974.5,51.35102251972291,2519500000,70.8,35.4
334,AET,Domestic Common Stock,Healthcare,0.03134094922840326,-0.009495609942574913,0.1611134842659827,,-0.017881990187693292,231,265,11036679121.592216,79872110.96000001,79872110.96000001,167.42962447609312,4469100000,72.29,18.073
335,PPDI,Domestic Common Stock,Healthcare,0.031126530639139265,0.0207221002039777,0.22881748310028738,,-0.09756126087988899,984,1045,1751945972.7847126,28500862.2593,28500862.2593,3.103603336642748,179515000,31.3,15.65
336,CEG1,Domestic Common Stock,Utilities,0.031014740116717395,0.01984219639941667,0.09864228318093571,,0.7960694153557656,359,400,6632330279.921473,32174923.9,32174923.9,44.52924871755231,2604400000,39.65,39.65
337,PFE,Domestic Common Stock,Healthcare,0.03082989449957429,0.03258414234357965,0.15621994929626637,,0.05753022265834646,4,4,271911407290.60086,660582523.0,660582523.0,206.02974995707035,12504000000,35.63,35.63
338,MXIM,Domestic Common Stock,Technology,0.030824718325115595,0.030070223552779583,0.22235379502654884,,-0.07846792932217328,143,168,17632991622.737293,344350460.1,344350460.1,12.937288480014058,310169000,53.66,53.66
339,VRTS1,Domestic Common Stock,Technology,0.030738521799541674,0.02576114229111068,0.11215218625780765,,0.01138790752785723,152,178,16748170369.327133,197758117.84000003,197758117.84000003,7.560246148138052,450941000,39.17,39.17
340,FLEX,Domestic Common Stock,Technology,0.03064309369666688,-0.012799168474698131,0.18064871818432482,,0.08360272412640012,273,309,9136218515.379604,144840862.9,144840862.9,66.76564629903126,3503242000,17.32,17.32
341,DRI,Domestic Common Stock,Consumer Cyclical,0.030306188185183568,-0.14783700654105764,0.04180707666385852,,0.20287210092110822,611,662,3365517279.0705814,51430300.0,51430300.0,21.62088298472693,1142543000,20.42,20.42
342,VTRS,Domestic Common Stock,Healthcare,0.030246024930383017,0.010307477685704017,-0.08946422812917476,,-0.027550981461307432,349,390,6842023058.445564,49832747.0,49832747.0,5.980832170022256,360060000,25.42,25.42
343,ABS,Domestic Common Stock,Consumer Defensive,0.03023890791458868,-0.01793638644363435,0.11299694189602438,,0.7215319367570338,284,321,8697404044.579147,62140966.0,62140966.0,207.36019417948518,8796000000,23.51,23.51
344,AVP,Domestic Common Stock,Consumer Defensive,0.030225585813792213,0.01877462620869626,-0.024761113419194514,,0.04779260030216315,165,192,15361158022.225515,84208783.7,84208783.7,36.605290270210226,1629400000,64.75,32.375
345,MERQ,Domestic Common Stock,Technology,0.02949186651471267,0.014681121721258749,0.06079999999999952,,0.044146925182802256,469,514,4775384424.371423,166279641.36999997,166279641.36999997,2.075499814328471,126056000,53.04,53.04
346,LIFE2,Domestic Common Stock,Healthcare,0.029269163723951584,0.05324834382592036,0.3095278388898295,,0.13142183475058095,516,563,4200769149.3892913,80885878.351,80885878.351,3.2425815346674076,196939000,77.38,38.69
347,SLB,Domestic Common Stock,Energy,0.029224715717209696,0.03786353117788291,0.11799746514575338,,0.25615465739969506,76,90,32935649719.021473,209008272.0,209008272.0,70.91633162588336,3537646000,56.05,28.025
348,QLGC,Domestic Common Stock,Technology,0.028972324924846145,0.0104367229986156,-0.06632041550139856,,-0.032258125038432624,498,545,4415178979.657923,339072721.9,339072721.9,2.1793775541884055,132267000,46.74,23.37
349,POLY,Domestic Common Stock,Technology,0.028630225406361134,0.026332907730137904,0.6222856608011973,,-0.07076565224168845,955,1016,1820383851.6905386,51391429.0,51391429.0,2.11703453974225,95117000,40.98,40.98
350,CDWC,Domestic Common Stock,Consumer Cyclical,0.028502415978915306,0.011405973586848441,0.1419654939106898,,-0.04565925168087049,402,444,5751722945.917052,147929289.38,147929289.38,20.744653190012666,1222785000,69.1,69.1
351,SEBL,Domestic Common Stock,Technology,0.028333160874554862,0.017734854457193173,0.2643150123051674,,-0.2968489469634794,318,356,7660846629.891242,170649339.57,170649339.57,12.098595886448248,321432000,15.45,15.45
352,NSCN,Domestic Common Stock,Technology,0.028148146854825487,0.03370038992389955,0.22748414376321402,,-0.02479541303705921,725,780,2677476438.811455,43568807.245000005,43568807.245000005,1.170237610075694,71590000,29.03,29.03
353,BMET,Domestic Common Stock,Healthcare,0.02811778930729877,0.01579363597757538,0.13033246847281688,,-0.012726163410102118,261,297,9786473502.33081,63386298.632850006,63386298.632850006,6.31296290678505,387561000,38.255,38.255
354,GDT1,Domestic Common Stock,Healthcare,0.028114965843653455,0.04652088371333641,0.3908939357855763,,-0.057002572920094995,120,141,20352149925.487667,112893930.0,112893930.0,15.83095722126997,937800000,65.35,65.35
355,HMA1,Domestic Common Stock,Healthcare,0.02792368257198934,0.017376316865164176,0.10269885098423459,,0.09297534934034792,386,428,6071942680.299594,44726735.2,44726735.2,11.0192680308892,657558000,25.01,25.01
356,TPR,Domestic Common Stock,Consumer Cyclical,0.027801138803974713,0.00859790131488606,0.19439252336448565,,-0.033046030816163245,360,402,6624872502.477058,81315588.0,81315588.0,5.350227807103483,258375000,35.7,17.85
357,CEPH,Domestic Common Stock,Healthcare,0.02775602341528587,0.06304539197465506,0.1837073981712385,,0.1534515824467614,651,702,3169906534.6495285,153303500.7,153303500.7,3.1290395634830994,190043000,56.96,56.96
358,CAM2,Domestic Common Stock,Energy,0.027717042431665735,-0.00864475287433044,0.027557338449463398,,0.10123852155647636,756,815,2544896345.773674,40992577.4,40992577.4,12.395545890231901,429100000,47.13,11.783
359,ROST,Domestic Common Stock,Consumer Cyclical,0.027708132875237424,-0.01954102140042994,0.08081957882754609,,-0.016700289539768605,506,553,4303357448.764157,32869114.2,32869114.2,16.503049622541074,976940000,28.46,7.115
360,ADRX,Domestic Common Stock Primary Class,Healthcare,0.02697688687061395,0.11473713909526946,0.4147176269252699,,-0.0819331706802943,966,1027,1786343999.9999998,30952252.791,30952252.791,4.563316560860727,255099000,24.8,24.8
361,BOBJY,Domestic Common Stock,Technology,0.0269501751039336,0.012987319338702046,0.2883287292817671,,-0.14220747331821387,789,849,2420206909.545455,25251537.564,25251537.564,2.170832405309286,129112000,37.31,37.31
362,SYK,Domestic Common Stock,Healthcare,0.0269130131503022,0.04060303217490711,0.16820818829769557,,0.007746860013983901,141,166,17772071723.400814,51637803.5,51637803.5,14.947943174631254,885400000,88.94,44.47
363,GIS,Domestic Common Stock,Consumer Defensive,0.026836253799512932,0.042336503838886784,0.01713081714914,,0.48807086791957355,147,172,17290043665.05214,65184032.5,65184032.5,56.965662744683655,3060000000,45.85,22.925
364,IDCC,Domestic Common Stock,Communication Services,0.026822703716057425,0.06829062380580898,0.5259615384615377,,-0.0058612457388491435,1160,1225,1389941908.715232,24677927.0,24677927.0,1.0918500807918416,26790000,25.3,25.3
365,UNP,Domestic Common Stock,Industrials,0.02672104002406396,0.06403735082019686,0.15372098068995355,,0.48996938474242546,148,173,17177475112.744186,79129610.3,79129610.3,77.98851874234515,2956000000,67.01,16.753
366,PDCO,Domestic Common Stock,Healthcare,0.026670322446656666,0.008871454544779946,0.09047595165254019,,0.06822263952108656,490,536,4539052733.319149,36199669.0,36199669.0,7.828730350749541,477510000,66.52,33.26
367,WFM,Domestic Common Stock,Consumer Defensive,0.02627104079092625,0.029547998587319855,0.17926084804487696,,0.000729525456524315,518,565,4153242380.777144,45469825.239999995,45469825.239999995,15.951207632786636,750651000,68.68,17.17
368,BJS,Domestic Common Stock,Energy,0.02623107461747483,0.05057779604542692,0.1480780964002446,,0.039513542423618986,377,419,6285445884.484005,80429962.6,80429962.6,11.511246833175854,588597000,39.55,19.775
369,XLNX,Domestic Common Stock,Technology,0.026104334978403223,0.013547254567407355,0.356714285714286,,-0.030816154020125334,182,210,13826860569.273863,332933403.9,332933403.9,8.942228453124969,315547000,40.39,40.39
370,NOVL,Domestic Common Stock,Technology,0.025947417423422228,0.10425625446641591,1.094435075885329,,-0.3677274001333444,477,522,4637956758.323421,87830615.09,87830615.09,7.33768897070841,282809000,12.42,12.42
371,LMT,Domestic Common Stock,Industrials,0.02581992327462735,0.02062156933747276,0.12868775318139125,,0.21295814199890753,107,124,23276598989.37767,106032503.0,106032503.0,190.25778755854202,8078000000,51.38,51.38
372,NTAP,Domestic Common Stock,Technology,0.02552265514630998,0.030162587422403877,-0.024130508666590833,,-0.041131836827517594,299,336,8092143972.327274,119157899.0,119157899.0,5.6928136542038255,275550000,23.45,23.45
373,WGO,Domestic Common Stock,Consumer Cyclical,0.025293641738742597,0.06423615201041324,0.4755011135857461,,-0.048175662014778034,1234,1300,1255928281.4282167,36447707.0,36447707.0,4.446674711584942,254933000,74.13,37.065
374,APOL,Domestic Common Stock Primary Class,Consumer Defensive,0.025245878178384255,0.03295378045676245,0.1356370832699043,,-0.04744029732485119,191,219,13139372600.0,81987798.2,96443513.33600001,6.707937438700604,411809000,74.6,74.6
375,HLTH1,Domestic Common Stock,Technology,0.025168737614003803,0.05681539509360856,0.07947019867549643,,0.20795964233414435,677,729,3001580816.5907555,27899225.35,27899225.35,5.7292902622664545,250635000,9.78,9.78
376,JAVA1,Domestic Common Stock,Technology,0.02493255543345767,-0.02249879188789239,0.594366197183098,,-0.00021865240742697617,132,156,18489881682.219048,404892656.064,404892656.064,102.04232795863864,2536000000,5.66,22.64
377,TLAB,Domestic Common Stock,Technology,0.024789105500729047,-0.0010034228537553617,0.377621044605414,,-0.07536231252221846,501,548,4384990817.712367,130030308.66150002,130030308.66150002,21.18390997878778,244500000,10.51,10.51
378,AMGN,Domestic Common Stock,Healthcare,0.02469791035403967,0.01289015919931989,-0.0559036791692773,,0.025724199716103614,28,33,81023048967.08371,621802599.0,621802599.0,36.459259005735674,2207400000,62.81,62.81
379,FRX1,Domestic Common Stock,Healthcare,0.024684671636662426,0.0220193051211921,0.5199244966442955,,-0.07431852924434008,95,110,26497293933.152626,266003879.1,266003879.1,10.620252336342679,625525000,72.47,72.47
380,PAYX,Domestic Common Stock,Industrials,0.02447399437322799,0.015443049133735341,-0.022882018082374667,,-0.009736398875207724,186,214,13481534520.614574,103461820.0,103461820.0,6.92562086209404,312099000,35.71,35.71
381,IGT1,Domestic Common Stock,Industrials,0.02442179960151136,0.053396986715198866,0.3036266758336208,,0.02067936052523222,197,225,12714050768.837875,89705565.6,89705565.6,10.017138537984305,436146000,36.6,36.6
382,CHS,Domestic Common Stock,Consumer Cyclical,0.024337186765793186,0.0362769460317102,0.08688820802891062,,-0.0057990413744706485,616,667,3343553007.300429,31573385.3,31573385.3,3.456097522810272,210569000,38.38,19.19
383,PTEN,Domestic Common Stock,Energy,0.02416753945650243,0.03402460307778666,0.2549326652051367,,-0.045777100798694584,699,752,2847704050.4627376,45915907.0,45915907.0,5.528776101528446,207015000,35.19,17.595
384,PSFT,Domestic Common Stock,Technology,0.02388255994981108,0.04590063909909231,0.14077669902912704,,-0.07546466226149001,280,317,8811032001.687263,108428315.0,108428315.0,10.70115742866136,624094000,23.5,23.5
385,GRMN,Domestic Common Stock,Technology,0.023588412900579198,0.017703087965276792,0.3040925574166804,,-0.045136727343454204,379,421,6282745711.830449,25769670.5,25769670.5,2.4045761950564226,135562000,57.62,28.81
386,AV1,Domestic Common Stock,Technology,0.02328334914698835,0.019451911945585206,0.25623052959501513,,-0.04769895566754901,351,392,6785965326.660789,110130574.1,110130574.1,40.34241277080189,1118000000,16.13,16.13
387,MHS,Domestic Common Stock,Consumer Defensive,0.023255469988856026,0.24867822863455571,0.38878574080950634,,0.07553977031464995,251,287,10109449523.60281,65289735.2,65289735.2,140.50290648908685,8524000000,37.4,18.7
388,CCMP,Domestic Common Stock,Technology,0.023228292552321658,0.009477148984099525,-0.02212086057793672,,-0.08520491418604376,1139,1204,1422790759.3964226,49259154.5,49259154.5,1.3609282048042224,67903000,57.5,57.5
389,FDRY,Domestic Common Stock,Technology,0.023144726506698486,0.018764735820504932,0.31061626536453923,,-0.08852050361275231,521,568,4122839817.1991024,112099079.1,112099079.1,2.2846241657305053,101683000,31.6,31.6
390,DST,Domestic Common Stock,Technology,0.02293581899127136,0.04103252011341659,0.1179451739230597,,0.09276247166645359,453,498,5000911458.346055,27798917.1,27798917.1,12.123943563578122,569700000,43.21,21.605
391,WMT,Domestic Common Stock,Consumer Defensive,0.022890492553704716,-0.024720350932809314,-0.09191435965806627,,0.10693059323544334,6,6,231711920901.48245,525100172.6,525100172.6,1226.5455430639736,63035000000,53.45,17.817
392,LLTC,Domestic Common Stock,Technology,0.022858980684871313,0.023114797535541756,0.04635187176907274,,-0.010540479279221996,194,222,13036670536.986267,252817202.1,252817202.1,5.501117357340306,174077000,41.65,41.65
393,APCC,Domestic Common Stock,Industrials,0.02262881685004797,0.03749176610073567,0.46184763047390476,,-0.04602114434862193,444,489,5131686767.784054,43699276.53,43699276.53,8.181747261365908,393701000,25.75,25.75
394,AVID,Domestic Common Stock,Technology,0.022585864046908044,0.041822982866914056,-0.09036144578313277,,-0.060536273828403826,1038,1099,1623891825.6050072,26034168.6,26034168.6,3.257167957930607,119090000,52.85,52.85
395,PNRA,Domestic Common Stock,Consumer Cyclical,0.022577241850975698,0.01245566381245306,0.022216969983456236,,-0.0393348354298546,1216,1282,1295153774.4516973,33491686.9,33491686.9,1.7854242695800453,84028000,43.25,43.25
396,ADTN,Domestic Common Stock,Technology,0.022527774317176997,0.03822866044327452,-0.032566595526044795,,-0.009654068102606519,705,758,2798748341.149969,61247425.2,61247425.2,2.5677927200919735,106200640,35.37,35.37
397,CHIR1,Domestic Common Stock,Healthcare,0.022387051567791708,0.04733873433889398,-0.008372093023254923,,0.047121492756834506,254,290,10005337206.72064,146019676.76999998,146019676.76999998,8.90543162576357,540473000,53.3,53.3
398,ELX,Domestic Common Stock,Technology,0.02237130580261121,-0.022367174138997532,0.05641952983725118,,-0.00030380921108194076,788,848,2420332566.9831934,58511610.9,58511610.9,1.4096999556438747,84577000,29.21,29.21
399,EMC1,Domestic Common Stock,Technology,0.02234336320392647,0.034594149983459034,0.07853640135797746,,-0.052809658012590806,75,89,33001880391.507896,245083465.6,245083465.6,62.47834904507803,1510847000,15.1,15.1
400,SNPS,Domestic Common Stock,Technology,0.02233709518524197,0.0791389065811111,0.33505535055350566,,-0.11367145618290221,414,457,5619486283.2,63635231.2,63635231.2,5.3738779078707015,300366000,36.18,36.18
401,LLY,Domestic Common Stock,Healthcare,0.02229147345803099,0.03424851818729646,0.14459813539699118,,0.030735269961373272,31,36,79501249809.107,287079839.0,287079839.0,59.43085035327606,3139400000,70.8,70.8
402,SII1,Domestic Common Stock,Energy,0.022244706265810266,0.026330888569309346,0.21641875780629038,,0.14449702529648545,487,532,4568322853.342854,62546873.4,62546873.4,17.152878295227637,924792000,45.63,22.815
403,CSCO,Domestic Common Stock,Technology,0.02217391933127337,0.016207524408422748,0.3651664565878261,,-0.027315978382748404,8,8,197439159698.9988,1605085886.0,1605085886.0,133.196628879707,5101000000,28.6,28.6
404,FDO,Domestic Common Stock,Consumer Defensive,0.022079192447292697,0.03202292026111528,-0.1887793783169064,,-0.041109063445005166,392,434,5907643602.064521,53464796.6,53464796.6,21.543225946833125,1244683000,34.32,34.32
405,NXTL,Domestic Common Stock,Communication Services,0.021971381342749743,0.059522469455812944,0.2917257683215131,,0.38197469816525176,85,100,30039076273.999996,460996639.1,460996639.1,47.5870355506797,2887000000,27.32,27.32
406,WBA,Domestic Common Stock,Consumer Defensive,0.021950731246000388,-0.008252576708854365,0.05142766160704837,,-0.02438848526406832,69,83,35625236865.0583,110805034.7,110805034.7,144.87534796702673,8720800000,34.76,34.76
407,SLR,Domestic Common Stock,Technology,0.021889071445460484,-0.07940710766794755,0.21508828250401368,,0.23094035058227022,375,417,6331926886.22449,70908090.8,70908090.8,113.5939302148351,2696800000,7.57,7.57
408,PD1,Domestic Common Stock,Basic Materials,0.02180111000714695,0.10978580028862212,0.4959245715292768,,0.3213598282971188,369,411,6536364430.67738,196063772.33326003,196063772.33326003,24.07670790069661,1031100000,71.454,35.727
409,NEE,Domestic Common Stock Primary Class,Utilities,0.02153993574190678,0.0747370497711614,0.03334156581872105,,0.7834581056379302,206,235,12256303972.456974,69612521.7,69612521.7,49.00291717628976,2974000000,65.99,8.249
410,MOLX,Domestic Common Stock Primary Class,Technology,0.021255735053900462,-0.007304285436009669,0.1604507221076017,,-0.023171639739834365,350,391,6806962903.569392,33320392.963,46092989.163,12.630304379800883,496763000,35.75,35.75
411,SSTI1,Domestic Common Stock,Technology,0.02125058059991868,0.021013093793413963,0.18056828597616903,,-0.11883811155619749,1249,1315,1225331226.9547894,26323789.02,26323789.02,3.3036642782527945,73935000,12.88,12.88
412,SCRI1,Domestic Common Stock,Healthcare,0.021048878070962833,0.018665986213872703,0.3715710723192023,,-0.038441619614928556,627,678,3273333607.982096,59605369.220000006,59605369.220000006,2.354448201191079,142998000,27.5,27.5
413,BRL,Domestic Common Stock,Healthcare,0.02088646421676353,0.04000880346255483,0.08743331987333436,,-0.0714927177525265,441,486,5158364713.235072,68930607.66,68930607.66,6.788829708219139,310711000,76.75,51.167
414,ADI,Domestic Common Stock,Technology,0.020191258865845815,0.01902094899462677,0.14258402477727272,,-0.031062980311705707,136,160,18162711024.439026,176439901.0,176439901.0,16.028986478620535,557517000,48.85,48.85
415,PRDO,Domestic Common Stock,Consumer Defensive,0.020055963108481754,0.02534030522097749,0.06502403306230686,,0.0009658707658706368,449,494,5053609215.961139,95807763.0,95807763.0,5.200793392717701,315696000,50.46,50.46
416,BJ1,Domestic Common Stock,Consumer Defensive,0.02003408819609592,-0.16075501013232527,-0.08919597989949768,,0.011594245011003016,1088,1150,1517713194.75,25762151.5,25762151.5,29.523960451998256,1644728000,21.75,21.75
